{"message": "Using config class server.config.SaaSServerConfig", "severity": "INFO", "module": "server_config", "funcName": "load_server_config", "lineno": 50, "ts": "2026-07-19T08:16:32.490105+00:00"}
{"message": "setup plugin alembic.autogenerate.schemas", "severity": "INFO", "module": "plugins", "funcName": "__init__", "lineno": 37, "ts": "2026-07-19T08:16:32.603575+00:00"}
{"message": "setup plugin alembic.autogenerate.tables", "severity": "INFO", "module": "plugins", "funcName": "__init__", "lineno": 37, "ts": "2026-07-19T08:16:32.603707+00:00"}
{"message": "setup plugin alembic.autogenerate.types", "severity": "INFO", "module": "plugins", "funcName": "__init__", "lineno": 37, "ts": "2026-07-19T08:16:32.603749+00:00"}
{"message": "setup plugin alembic.autogenerate.constraints", "severity": "INFO", "module": "plugins", "funcName": "__init__", "lineno": 37, "ts": "2026-07-19T08:16:32.603782+00:00"}
{"message": "setup plugin alembic.autogenerate.defaults", "severity": "INFO", "module": "plugins", "funcName": "__init__", "lineno": 37, "ts": "2026-07-19T08:16:32.603811+00:00"}
{"message": "setup plugin alembic.autogenerate.comments", "severity": "INFO", "module": "plugins", "funcName": "__init__", "lineno": 37, "ts": "2026-07-19T08:16:32.603844+00:00"}
Can't instantiate abstract class UserAuthorizerInjector without an implementation for abstract method 'inject'
{"message": "Using default UserAuthorizer", "severity": "INFO", "module": "user_authorizer", "funcName": "depends_user_authorizer", "lineno": 45, "ts": "2026-07-19T08:16:34.333552+00:00"}
{"message": "Tavily API key not configured, skipping Tavily MCP proxy", "severity": "INFO", "module": "mcp_router", "funcName": "init_tavily_proxy", "lineno": 59, "ts": "2026-07-19T08:16:35.578074+00:00"}
{"message": "Started server process [3048]", "severity": "INFO", "module": "server", "funcName": "_serve", "lineno": 92, "color_message": "Started server process [\u001b[36m%d\u001b[0m]", "ts": "2026-07-19T08:16:35.770547+00:00"}
{"message": "Waiting for application startup.", "severity": "INFO", "module": "on", "funcName": "startup", "lineno": 48, "ts": "2026-07-19T08:16:35.770666+00:00"}
{"message": "Application startup complete.", "severity": "INFO", "module": "on", "funcName": "startup", "lineno": 62, "ts": "2026-07-19T08:16:35.770936+00:00"}
{"message": "Uvicorn running on http://127.0.0.1:<port> (Press CTRL+C to quit)", "severity": "INFO", "module": "server", "funcName": "_log_started_message", "lineno": 224, "color_message": "Uvicorn running on \u001b[1m%s://%s:%d\u001b[0m (Press CTRL+C to quit)", "ts": "2026-07-19T08:16:35.771177+00:00"}
{"message": "127.0.0.1:<port> - \"GET /saas HTTP/1.1\" 200", "severity": "INFO", "module": "h11_impl", "funcName": "send", "lineno": 480, "ts": "2026-07-19T08:16:36.101279+00:00"}
{"message": "ApiKey.org setup primary join org.id = api_keys.org_id", "severity": "INFO", "module": "relationships", "funcName": "_log_joins", "lineno": 2339, "ts": "2026-07-19T08:16:42.898235+00:00"}
{"message": "ApiKey.org setup secondary join None", "severity": "INFO", "module": "relationships", "funcName": "_log_joins", "lineno": 2340, "ts": "2026-07-19T08:16:42.898439+00:00"}
{"message": "ApiKey.org synchronize pairs [(org.id => api_keys.org_id)]", "severity": "INFO", "module": "relationships", "funcName": "_log_joins", "lineno": 2341, "ts": "2026-07-19T08:16:42.898484+00:00"}
{"message": "ApiKey.org secondary synchronize pairs []", "severity": "INFO", "module": "relationships", "funcName": "_log_joins", "lineno": 2348, "ts": "2026-07-19T08:16:42.898514+00:00"}
{"message": "ApiKey.org local/remote pairs [(api_keys.org_id / org.id)]", "severity": "INFO", "module": "relationships", "funcName": "_log_joins", "lineno": 2356, "ts": "2026-07-19T08:16:42.898540+00:00"}
{"message": "ApiKey.org remote columns [org.id]", "severity": "INFO", "module": "relationships", "funcName": "_log_joins", "lineno": 2363, "ts": "2026-07-19T08:16:42.898582+00:00"}
{"message": "ApiKey.org local columns [api_keys.org_id]", "severity": "INFO", "module": "relationships", "funcName": "_log_joins", "lineno": 2368, "ts": "2026-07-19T08:16:42.898617+00:00"}
{"message": "ApiKey.org relationship direction RelationshipDirection.MANYTOONE", "severity": "INFO", "module": "relationships", "funcName": "_log_joins", "lineno": 2373, "ts": "2026-07-19T08:16:42.898647+00:00"}
{"message": "ApiKey.org lazy loading clause org.id = :param_1", "severity": "INFO", "module": "strategies", "funcName": "__init__", "lineno": 738, "ts": "2026-07-19T08:16:42.898904+00:00"}
{"message": "ApiKey.org will use Session.get() to optimize instance loads", "severity": "INFO", "module": "strategies", "funcName": "__init__", "lineno": 764, "ts": "2026-07-19T08:16:42.899679+00:00"}
{"message": "BillingSession.org setup primary join org.id = billing_sessions.org_id", "severity": "INFO", "module": "relationships", "funcName": "_log_joins", "lineno": 2339, "ts": "2026-07-19T08:16:42.901451+00:00"}
{"message": "BillingSession.org setup secondary join None", "severity": "INFO", "module": "relationships", "funcName": "_log_joins", "lineno": 2340, "ts": "2026-07-19T08:16:42.901566+00:00"}
{"message": "BillingSession.org synchronize pairs [(org.id => billing_sessions.org_id)]", "severity": "INFO", "module": "relationships", "funcName": "_log_joins", "lineno": 2341, "ts": "2026-07-19T08:16:42.901606+00:00"}
{"message": "BillingSession.org secondary synchronize pairs []", "severity": "INFO", "module": "relationships", "funcName": "_log_joins", "lineno": 2348, "ts": "2026-07-19T08:16:42.901634+00:00"}
{"message": "BillingSession.org local/remote pairs [(billing_sessions.org_id / org.id)]", "severity": "INFO", "module": "relationships", "funcName": "_log_joins", "lineno": 2356, "ts": "2026-07-19T08:16:42.901660+00:00"}
{"message": "BillingSession.org remote columns [org.id]", "severity": "INFO", "module": "relationships", "funcName": "_log_joins", "lineno": 2363, "ts": "2026-07-19T08:16:42.901700+00:00"}
{"message": "BillingSession.org local columns [billing_sessions.org_id]", "severity": "INFO", "module": "relationships", "funcName": "_log_joins", "lineno": 2368, "ts": "2026-07-19T08:16:42.901734+00:00"}
{"message": "BillingSession.org relationship direction RelationshipDirection.MANYTOONE", "severity": "INFO", "module": "relationships", "funcName": "_log_joins", "lineno": 2373, "ts": "2026-07-19T08:16:42.901756+00:00"}
{"message": "BillingSession.org lazy loading clause org.id = :param_1", "severity": "INFO", "module": "strategies", "funcName": "__init__", "lineno": 738, "ts": "2026-07-19T08:16:42.901931+00:00"}
{"message": "BillingSession.org will use Session.get() to optimize instance loads", "severity": "INFO", "module": "strategies", "funcName": "__init__", "lineno": 764, "ts": "2026-07-19T08:16:42.902106+00:00"}
{"message": "Org.org_members setup primary join org.id = org_member.org_id", "severity": "INFO", "module": "relationships", "funcName": "_log_joins", "lineno": 2339, "ts": "2026-07-19T08:16:42.908035+00:00"}
{"message": "Org.org_members setup secondary join None", "severity": "INFO", "module": "relationships", "funcName": "_log_joins", "lineno": 2340, "ts": "2026-07-19T08:16:42.908147+00:00"}
{"message": "Org.org_members synchronize pairs [(org.id => org_member.org_id)]", "severity": "INFO", "module": "relationships", "funcName": "_log_joins", "lineno": 2341, "ts": "2026-07-19T08:16:42.908185+00:00"}
{"message": "Org.org_members secondary synchronize pairs []", "severity": "INFO", "module": "relationships", "funcName": "_log_joins", "lineno": 2348, "ts": "2026-07-19T08:16:42.908213+00:00"}
{"message": "Org.org_members local/remote pairs [(org.id / org_member.org_id)]", "severity": "INFO", "module": "relationships", "funcName": "_log_joins", "lineno": 2356, "ts": "2026-07-19T08:16:42.908238+00:00"}
{"message": "Org.org_members remote columns [org_member.org_id]", "severity": "INFO", "module": "relationships", "funcName": "_log_joins", "lineno": 2363, "ts": "2026-07-19T08:16:42.908278+00:00"}
{"message": "Org.org_members local columns [org.id]", "severity": "INFO", "module": "relationships", "funcName": "_log_joins", "lineno": 2368, "ts": "2026-07-19T08:16:42.908314+00:00"}
{"message": "Org.org_members relationship direction RelationshipDirection.ONETOMANY", "severity": "INFO", "module": "relationships", "funcName": "_log_joins", "lineno": 2373, "ts": "2026-07-19T08:16:42.908344+00:00"}
{"message": "Org.org_members lazy loading clause :param_1 = org_member.org_id", "severity": "INFO", "module": "strategies", "funcName": "__init__", "lineno": 738, "ts": "2026-07-19T08:16:42.908481+00:00"}
{"message": "Org.current_users setup primary join org.id = \"user\".current_org_id", "severity": "INFO", "module": "relationships", "funcName": "_log_joins", "lineno": 2339, "ts": "2026-07-19T08:16:42.909077+00:00"}
{"message": "Org.current_users setup secondary join None", "severity": "INFO", "module": "relationships", "funcName": "_log_joins", "lineno": 2340, "ts": "2026-07-19T08:16:42.909174+00:00"}
{"message": "Org.current_users synchronize pairs [(org.id => user.current_org_id)]", "severity": "INFO", "module": "relationships", "funcName": "_log_joins", "lineno": 2341, "ts": "2026-07-19T08:16:42.909208+00:00"}
{"message": "Org.current_users secondary synchronize pairs []", "severity": "INFO", "module": "relationships", "funcName": "_log_joins", "lineno": 2348, "ts": "2026-07-19T08:16:42.909233+00:00"}
{"message": "Org.current_users local/remote pairs [(org.id / user.current_org_id)]", "severity": "INFO", "module": "relationships", "funcName": "_log_joins", "lineno": 2356, "ts": "2026-07-19T08:16:42.909257+00:00"}
{"message": "Org.current_users remote columns [user.current_org_id]", "severity": "INFO", "module": "relationships", "funcName": "_log_joins", "lineno": 2363, "ts": "2026-07-19T08:16:42.909293+00:00"}
{"message": "Org.current_users local columns [org.id]", "severity": "INFO", "module": "relationships", "funcName": "_log_joins", "lineno": 2368, "ts": "2026-07-19T08:16:42.909326+00:00"}
{"message": "Org.current_users relationship direction RelationshipDirection.ONETOMANY", "severity": "INFO", "module": "relationships", "funcName": "_log_joins", "lineno": 2373, "ts": "2026-07-19T08:16:42.909347+00:00"}
{"message": "Org.current_users lazy loading clause :param_1 = \"user\".current_org_id", "severity": "INFO", "module": "strategies", "funcName": "__init__", "lineno": 738, "ts": "2026-07-19T08:16:42.909461+00:00"}
{"message": "Org.invitations setup primary join org.id = org_invitation.org_id", "severity": "INFO", "module": "relationships", "funcName": "_log_joins", "lineno": 2339, "ts": "2026-07-19T08:16:42.910198+00:00"}
{"message": "Org.invitations setup secondary join None", "severity": "INFO", "module": "relationships", "funcName": "_log_joins", "lineno": 2340, "ts": "2026-07-19T08:16:42.910291+00:00"}
{"message": "Org.invitations synchronize pairs [(org.id => org_invitation.org_id)]", "severity": "INFO", "module": "relationships", "funcName": "_log_joins", "lineno": 2341, "ts": "2026-07-19T08:16:42.910326+00:00"}
{"message": "Org.invitations secondary synchronize pairs []", "severity": "INFO", "module": "relationships", "funcName": "_log_joins", "lineno": 2348, "ts": "2026-07-19T08:16:42.910352+00:00"}
{"message": "Org.invitations local/remote pairs [(org.id / org_invitation.org_id)]", "severity": "INFO", "module": "relationships", "funcName": "_log_joins", "lineno": 2356, "ts": "2026-07-19T08:16:42.910377+00:00"}
{"message": "Org.invitations remote columns [org_invitation.org_id]", "severity": "INFO", "module": "relationships", "funcName": "_log_joins", "lineno": 2363, "ts": "2026-07-19T08:16:42.910415+00:00"}
{"message": "Org.invitations local columns [org.id]", "severity": "INFO", "module": "relationships", "funcName": "_log_joins", "lineno": 2368, "ts": "2026-07-19T08:16:42.910448+00:00"}
{"message": "Org.invitations relationship direction RelationshipDirection.ONETOMANY", "severity": "INFO", "module": "relationships", "funcName": "_log_joins", "lineno": 2373, "ts": "2026-07-19T08:16:42.910469+00:00"}
{"message": "Org.invitations lazy loading clause :param_1 = org_invitation.org_id", "severity": "INFO", "module": "strategies", "funcName": "__init__", "lineno": 738, "ts": "2026-07-19T08:16:42.910576+00:00"}
{"message": "Org.billing_sessions setup primary join org.id = billing_sessions.org_id", "severity": "INFO", "module": "relationships", "funcName": "_log_joins", "lineno": 2339, "ts": "2026-07-19T08:16:42.911114+00:00"}
{"message": "Org.billing_sessions setup secondary join None", "severity": "INFO", "module": "relationships", "funcName": "_log_joins", "lineno": 2340, "ts": "2026-07-19T08:16:42.911197+00:00"}
{"message": "Org.billing_sessions synchronize pairs [(org.id => billing_sessions.org_id)]", "severity": "INFO", "module": "relationships", "funcName": "_log_joins", "lineno": 2341, "ts": "2026-07-19T08:16:42.911228+00:00"}
{"message": "Org.billing_sessions secondary synchronize pairs []", "severity": "INFO", "module": "relationships", "funcName": "_log_joins", "lineno": 2348, "ts": "2026-07-19T08:16:42.911261+00:00"}
{"message": "Org.billing_sessions local/remote pairs [(org.id / billing_sessions.org_id)]", "severity": "INFO", "module": "relationships", "funcName": "_log_joins", "lineno": 2356, "ts": "2026-07-19T08:16:42.911301+00:00"}
{"message": "Org.billing_sessions remote columns [billing_sessions.org_id]", "severity": "INFO", "module": "relationships", "funcName": "_log_joins", "lineno": 2363, "ts": "2026-07-19T08:16:42.911345+00:00"}
{"message": "Org.billing_sessions local columns [org.id]", "severity": "INFO", "module": "relationships", "funcName": "_log_joins", "lineno": 2368, "ts": "2026-07-19T08:16:42.911379+00:00"}
{"message": "Org.billing_sessions relationship direction RelationshipDirection.ONETOMANY", "severity": "INFO", "module": "relationships", "funcName": "_log_joins", "lineno": 2373, "ts": "2026-07-19T08:16:42.911403+00:00"}
{"message": "Org.billing_sessions lazy loading clause :param_1 = billing_sessions.org_id", "severity": "INFO", "module": "strategies", "funcName": "__init__", "lineno": 738, "ts": "2026-07-19T08:16:42.911542+00:00"}
{"message": "Org.stored_conversation_metadata_saas setup primary join org.id = conversation_metadata_saas.org_id", "severity": "INFO", "module": "relationships", "funcName": "_log_joins", "lineno": 2339, "ts": "2026-07-19T08:16:42.912070+00:00"}
{"message": "Org.stored_conversation_metadata_saas setup secondary join None", "severity": "INFO", "module": "relationships", "funcName": "_log_joins", "lineno": 2340, "ts": "2026-07-19T08:16:42.912159+00:00"}
{"message": "Org.stored_conversation_metadata_saas synchronize pairs [(org.id => conversation_metadata_saas.org_id)]", "severity": "INFO", "module": "relationships", "funcName": "_log_joins", "lineno": 2341, "ts": "2026-07-19T08:16:42.912193+00:00"}
{"message": "Org.stored_conversation_metadata_saas secondary synchronize pairs []", "severity": "INFO", "module": "relationships", "funcName": "_log_joins", "lineno": 2348, "ts": "2026-07-19T08:16:42.912218+00:00"}
{"message": "Org.stored_conversation_metadata_saas local/remote pairs [(org.id / conversation_metadata_saas.org_id)]", "severity": "INFO", "module": "relationships", "funcName": "_log_joins", "lineno": 2356, "ts": "2026-07-19T08:16:42.912241+00:00"}
{"message": "Org.stored_conversation_metadata_saas remote columns [conversation_metadata_saas.org_id]", "severity": "INFO", "module": "relationships", "funcName": "_log_joins", "lineno": 2363, "ts": "2026-07-19T08:16:42.912277+00:00"}
{"message": "Org.stored_conversation_metadata_saas local columns [org.id]", "severity": "INFO", "module": "relationships", "funcName": "_log_joins", "lineno": 2368, "ts": "2026-07-19T08:16:42.912308+00:00"}
{"message": "Org.stored_conversation_metadata_saas relationship direction RelationshipDirection.ONETOMANY", "severity": "INFO", "module": "relationships", "funcName": "_log_joins", "lineno": 2373, "ts": "2026-07-19T08:16:42.912329+00:00"}
{"message": "Org.stored_conversation_metadata_saas lazy loading clause :param_1 = conversation_metadata_saas.org_id", "severity": "INFO", "module": "strategies", "funcName": "__init__", "lineno": 738, "ts": "2026-07-19T08:16:42.912437+00:00"}
{"message": "Org.user_secrets setup primary join org.id = custom_secrets.org_id", "severity": "INFO", "module": "relationships", "funcName": "_log_joins", "lineno": 2339, "ts": "2026-07-19T08:16:42.912941+00:00"}
{"message": "Org.user_secrets setup secondary join None", "severity": "INFO", "module": "relationships", "funcName": "_log_joins", "lineno": 2340, "ts": "2026-07-19T08:16:42.913034+00:00"}
{"message": "Org.user_secrets synchronize pairs [(org.id => custom_secrets.org_id)]", "severity": "INFO", "module": "relationships", "funcName": "_log_joins", "lineno": 2341, "ts": "2026-07-19T08:16:42.913066+00:00"}
{"message": "Org.user_secrets secondary synchronize pairs []", "severity": "INFO", "module": "relationships", "funcName": "_log_joins", "lineno": 2348, "ts": "2026-07-19T08:16:42.913090+00:00"}
{"message": "Org.user_secrets local/remote pairs [(org.id / custom_secrets.org_id)]", "severity": "INFO", "module": "relationships", "funcName": "_log_joins", "lineno": 2356, "ts": "2026-07-19T08:16:42.913112+00:00"}
{"message": "Org.user_secrets remote columns [custom_secrets.org_id]", "severity": "INFO", "module": "relationships", "funcName": "_log_joins", "lineno": 2363, "ts": "2026-07-19T08:16:42.913147+00:00"}
{"message": "Org.user_secrets local columns [org.id]", "severity": "INFO", "module": "relationships", "funcName": "_log_joins", "lineno": 2368, "ts": "2026-07-19T08:16:42.913180+00:00"}
{"message": "Org.user_secrets relationship direction RelationshipDirection.ONETOMANY", "severity": "INFO", "module": "relationships", "funcName": "_log_joins", "lineno": 2373, "ts": "2026-07-19T08:16:42.913201+00:00"}
{"message": "Org.user_secrets lazy loading clause :param_1 = custom_secrets.org_id", "severity": "INFO", "module": "strategies", "funcName": "__init__", "lineno": 738, "ts": "2026-07-19T08:16:42.913297+00:00"}
{"message": "Org.api_keys setup primary join org.id = api_keys.org_id", "severity": "INFO", "module": "relationships", "funcName": "_log_joins", "lineno": 2339, "ts": "2026-07-19T08:16:42.913819+00:00"}
{"message": "Org.api_keys setup secondary join None", "severity": "INFO", "module": "relationships", "funcName": "_log_joins", "lineno": 2340, "ts": "2026-07-19T08:16:42.913923+00:00"}
{"message": "Org.api_keys synchronize pairs [(org.id => api_keys.org_id)]", "severity": "INFO", "module": "relationships", "funcName": "_log_joins", "lineno": 2341, "ts": "2026-07-19T08:16:42.913956+00:00"}
{"message": "Org.api_keys secondary synchronize pairs []", "severity": "INFO", "module": "relationships", "funcName": "_log_joins", "lineno": 2348, "ts": "2026-07-19T08:16:42.913979+00:00"}
{"message": "Org.api_keys local/remote pairs [(org.id / api_keys.org_id)]", "severity": "INFO", "module": "relationships", "funcName": "_log_joins", "lineno": 2356, "ts": "2026-07-19T08:16:42.914002+00:00"}
{"message": "Org.api_keys remote columns [api_keys.org_id]", "severity": "INFO", "module": "relationships", "funcName": "_log_joins", "lineno": 2363, "ts": "2026-07-19T08:16:42.914038+00:00"}
{"message": "Org.api_keys local columns [org.id]", "severity": "INFO", "module": "relationships", "funcName": "_log_joins", "lineno": 2368, "ts": "2026-07-19T08:16:42.914072+00:00"}
{"message": "Org.api_keys relationship direction RelationshipDirection.ONETOMANY", "severity": "INFO", "module": "relationships", "funcName": "_log_joins", "lineno": 2373, "ts": "2026-07-19T08:16:42.914097+00:00"}
{"message": "Org.api_keys lazy loading clause :param_1 = api_keys.org_id", "severity": "INFO", "module": "strategies", "funcName": "__init__", "lineno": 738, "ts": "2026-07-19T08:16:42.914223+00:00"}
{"message": "Org.slack_conversations setup primary join org.id = slack_conversation.org_id", "severity": "INFO", "module": "relationships", "funcName": "_log_joins", "lineno": 2339, "ts": "2026-07-19T08:16:42.914714+00:00"}
{"message": "Org.slack_conversations setup secondary join None", "severity": "INFO", "module": "relationships", "funcName": "_log_joins", "lineno": 2340, "ts": "2026-07-19T08:16:42.914791+00:00"}
{"message": "Org.slack_conversations synchronize pairs [(org.id => slack_conversation.org_id)]", "severity": "INFO", "module": "relationships", "funcName": "_log_joins", "lineno": 2341, "ts": "2026-07-19T08:16:42.914821+00:00"}
{"message": "Org.slack_conversations secondary synchronize pairs []", "severity": "INFO", "module": "relationships", "funcName": "_log_joins", "lineno": 2348, "ts": "2026-07-19T08:16:42.914850+00:00"}
{"message": "Org.slack_conversations local/remote pairs [(org.id / slack_conversation.org_id)]", "severity": "INFO", "module": "relationships", "funcName": "_log_joins", "lineno": 2356, "ts": "2026-07-19T08:16:42.914896+00:00"}
{"message": "Org.slack_conversations remote columns [slack_conversation.org_id]", "severity": "INFO", "module": "relationships", "funcName": "_log_joins", "lineno": 2363, "ts": "2026-07-19T08:16:42.914938+00:00"}
{"message": "Org.slack_conversations local columns [org.id]", "severity": "INFO", "module": "relationships", "funcName": "_log_joins", "lineno": 2368, "ts": "2026-07-19T08:16:42.914970+00:00"}
{"message": "Org.slack_conversations relationship direction RelationshipDirection.ONETOMANY", "severity": "INFO", "module": "relationships", "funcName": "_log_joins", "lineno": 2373, "ts": "2026-07-19T08:16:42.914991+00:00"}
{"message": "Org.slack_conversations lazy loading clause :param_1 = slack_conversation.org_id", "severity": "INFO", "module": "strategies", "funcName": "__init__", "lineno": 738, "ts": "2026-07-19T08:16:42.915126+00:00"}
{"message": "Org.slack_users setup primary join org.id = slack_users.org_id", "severity": "INFO", "module": "relationships", "funcName": "_log_joins", "lineno": 2339, "ts": "2026-07-19T08:16:42.915636+00:00"}
{"message": "Org.slack_users setup secondary join None", "severity": "INFO", "module": "relationships", "funcName": "_log_joins", "lineno": 2340, "ts": "2026-07-19T08:16:42.915717+00:00"}
{"message": "Org.slack_users synchronize pairs [(org.id => slack_users.org_id)]", "severity": "INFO", "module": "relationships", "funcName": "_log_joins", "lineno": 2341, "ts": "2026-07-19T08:16:42.915749+00:00"}
{"message": "Org.slack_users secondary synchronize pairs []", "severity": "INFO", "module": "relationships", "funcName": "_log_joins", "lineno": 2348, "ts": "2026-07-19T08:16:42.915773+00:00"}
{"message": "Org.slack_users local/remote pairs [(org.id / slack_users.org_id)]", "severity": "INFO", "module": "relationships", "funcName": "_log_joins", "lineno": 2356, "ts": "2026-07-19T08:16:42.915796+00:00"}
{"message": "Org.slack_users remote columns [slack_users.org_id]", "severity": "INFO", "module": "relationships", "funcName": "_log_joins", "lineno": 2363, "ts": "2026-07-19T08:16:42.915830+00:00"}
{"message": "Org.slack_users local columns [org.id]", "severity": "INFO", "module": "relationships", "funcName": "_log_joins", "lineno": 2368, "ts": "2026-07-19T08:16:42.915877+00:00"}
{"message": "Org.slack_users relationship direction RelationshipDirection.ONETOMANY", "severity": "INFO", "module": "relationships", "funcName": "_log_joins", "lineno": 2373, "ts": "2026-07-19T08:16:42.915905+00:00"}
{"message": "Org.slack_users lazy loading clause :param_1 = slack_users.org_id", "severity": "INFO", "module": "strategies", "funcName": "__init__", "lineno": 738, "ts": "2026-07-19T08:16:42.916011+00:00"}
{"message": "Org.stripe_customers setup primary join org.id = stripe_customers.org_id", "severity": "INFO", "module": "relationships", "funcName": "_log_joins", "lineno": 2339, "ts": "2026-07-19T08:16:42.916554+00:00"}
{"message": "Org.stripe_customers setup secondary join None", "severity": "INFO", "module": "relationships", "funcName": "_log_joins", "lineno": 2340, "ts": "2026-07-19T08:16:42.916640+00:00"}
{"message": "Org.stripe_customers synchronize pairs [(org.id => stripe_customers.org_id)]", "severity": "INFO", "module": "relationships", "funcName": "_log_joins", "lineno": 2341, "ts": "2026-07-19T08:16:42.916671+00:00"}
{"message": "Org.stripe_customers secondary synchronize pairs []", "severity": "INFO", "module": "relationships", "funcName": "_log_joins", "lineno": 2348, "ts": "2026-07-19T08:16:42.916695+00:00"}
{"message": "Org.stripe_customers local/remote pairs [(org.id / stripe_customers.org_id)]", "severity": "INFO", "module": "relationships", "funcName": "_log_joins", "lineno": 2356, "ts": "2026-07-19T08:16:42.916718+00:00"}
{"message": "Org.stripe_customers remote columns [stripe_customers.org_id]", "severity": "INFO", "module": "relationships", "funcName": "_log_joins", "lineno": 2363, "ts": "2026-07-19T08:16:42.916759+00:00"}
{"message": "Org.stripe_customers local columns [org.id]", "severity": "INFO", "module": "relationships", "funcName": "_log_joins", "lineno": 2368, "ts": "2026-07-19T08:16:42.916800+00:00"}
{"message": "Org.stripe_customers relationship direction RelationshipDirection.ONETOMANY", "severity": "INFO", "module": "relationships", "funcName": "_log_joins", "lineno": 2373, "ts": "2026-07-19T08:16:42.916822+00:00"}
{"message": "Org.stripe_customers lazy loading clause :param_1 = stripe_customers.org_id", "severity": "INFO", "module": "strategies", "funcName": "__init__", "lineno": 738, "ts": "2026-07-19T08:16:42.916941+00:00"}
{"message": "Org.git_claims setup primary join org.id = org_git_claim.org_id", "severity": "INFO", "module": "relationships", "funcName": "_log_joins", "lineno": 2339, "ts": "2026-07-19T08:16:42.917440+00:00"}
{"message": "Org.git_claims setup secondary join None", "severity": "INFO", "module": "relationships", "funcName": "_log_joins", "lineno": 2340, "ts": "2026-07-19T08:16:42.917517+00:00"}
{"message": "Org.git_claims synchronize pairs [(org.id => org_git_claim.org_id)]", "severity": "INFO", "module": "relationships", "funcName": "_log_joins", "lineno": 2341, "ts": "2026-07-19T08:16:42.917547+00:00"}
{"message": "Org.git_claims secondary synchronize pairs []", "severity": "INFO", "module": "relationships", "funcName": "_log_joins", "lineno": 2348, "ts": "2026-07-19T08:16:42.917572+00:00"}
{"message": "Org.git_claims local/remote pairs [(org.id / org_git_claim.org_id)]", "severity": "INFO", "module": "relationships", "funcName": "_log_joins", "lineno": 2356, "ts": "2026-07-19T08:16:42.917595+00:00"}
{"message": "Org.git_claims remote columns [org_git_claim.org_id]", "severity": "INFO", "module": "relationships", "funcName": "_log_joins", "lineno": 2363, "ts": "2026-07-19T08:16:42.917629+00:00"}
{"message": "Org.git_claims local columns [org.id]", "severity": "INFO", "module": "relationships", "funcName": "_log_joins", "lineno": 2368, "ts": "2026-07-19T08:16:42.917661+00:00"}
{"message": "Org.git_claims relationship direction RelationshipDirection.ONETOMANY", "severity": "INFO", "module": "relationships", "funcName": "_log_joins", "lineno": 2373, "ts": "2026-07-19T08:16:42.917683+00:00"}
{"message": "Org.git_claims lazy loading clause :param_1 = org_git_claim.org_id", "severity": "INFO", "module": "strategies", "funcName": "__init__", "lineno": 738, "ts": "2026-07-19T08:16:42.917787+00:00"}
{"message": "OrgGitClaim.org setup primary join org.id = org_git_claim.org_id", "severity": "INFO", "module": "relationships", "funcName": "_log_joins", "lineno": 2339, "ts": "2026-07-19T08:16:42.920318+00:00"}
{"message": "OrgGitClaim.org setup secondary join None", "severity": "INFO", "module": "relationships", "funcName": "_log_joins", "lineno": 2340, "ts": "2026-07-19T08:16:42.920420+00:00"}
{"message": "OrgGitClaim.org synchronize pairs [(org.id => org_git_claim.org_id)]", "severity": "INFO", "module": "relationships", "funcName": "_log_joins", "lineno": 2341, "ts": "2026-07-19T08:16:42.920467+00:00"}
{"message": "OrgGitClaim.org secondary synchronize pairs []", "severity": "INFO", "module": "relationships", "funcName": "_log_joins", "lineno": 2348, "ts": "2026-07-19T08:16:42.920507+00:00"}
{"message": "OrgGitClaim.org local/remote pairs [(org_git_claim.org_id / org.id)]", "severity": "INFO", "module": "relationships", "funcName": "_log_joins", "lineno": 2356, "ts": "2026-07-19T08:16:42.920534+00:00"}
{"message": "OrgGitClaim.org remote columns [org.id]", "severity": "INFO", "module": "relationships", "funcName": "_log_joins", "lineno": 2363, "ts": "2026-07-19T08:16:42.920576+00:00"}
{"message": "OrgGitClaim.org local columns [org_git_claim.org_id]", "severity": "INFO", "module": "relationships", "funcName": "_log_joins", "lineno": 2368, "ts": "2026-07-19T08:16:42.920612+00:00"}
{"message": "OrgGitClaim.org relationship direction RelationshipDirection.MANYTOONE", "severity": "INFO", "module": "relationships", "funcName": "_log_joins", "lineno": 2373, "ts": "2026-07-19T08:16:42.920640+00:00"}
{"message": "OrgGitClaim.org lazy loading clause org.id = :param_1", "severity": "INFO", "module": "strategies", "funcName": "__init__", "lineno": 738, "ts": "2026-07-19T08:16:42.920788+00:00"}
{"message": "OrgGitClaim.org will use Session.get() to optimize instance loads", "severity": "INFO", "module": "strategies", "funcName": "__init__", "lineno": 764, "ts": "2026-07-19T08:16:42.921011+00:00"}
{"message": "OrgInvitation.org setup primary join org.id = org_invitation.org_id", "severity": "INFO", "module": "relationships", "funcName": "_log_joins", "lineno": 2339, "ts": "2026-07-19T08:16:42.921700+00:00"}
{"message": "OrgInvitation.org setup secondary join None", "severity": "INFO", "module": "relationships", "funcName": "_log_joins", "lineno": 2340, "ts": "2026-07-19T08:16:42.921783+00:00"}
{"message": "OrgInvitation.org synchronize pairs [(org.id => org_invitation.org_id)]", "severity": "INFO", "module": "relationships", "funcName": "_log_joins", "lineno": 2341, "ts": "2026-07-19T08:16:42.921814+00:00"}
{"message": "OrgInvitation.org secondary synchronize pairs []", "severity": "INFO", "module": "relationships", "funcName": "_log_joins", "lineno": 2348, "ts": "2026-07-19T08:16:42.921839+00:00"}
{"message": "OrgInvitation.org local/remote pairs [(org_invitation.org_id / org.id)]", "severity": "INFO", "module": "relationships", "funcName": "_log_joins", "lineno": 2356, "ts": "2026-07-19T08:16:42.921878+00:00"}
{"message": "OrgInvitation.org remote columns [org.id]", "severity": "INFO", "module": "relationships", "funcName": "_log_joins", "lineno": 2363, "ts": "2026-07-19T08:16:42.921925+00:00"}
{"message": "OrgInvitation.org local columns [org_invitation.org_id]", "severity": "INFO", "module": "relationships", "funcName": "_log_joins", "lineno": 2368, "ts": "2026-07-19T08:16:42.921960+00:00"}
{"message": "OrgInvitation.org relationship direction RelationshipDirection.MANYTOONE", "severity": "INFO", "module": "relationships", "funcName": "_log_joins", "lineno": 2373, "ts": "2026-07-19T08:16:42.921983+00:00"}
{"message": "OrgInvitation.org lazy loading clause org.id = :param_1", "severity": "INFO", "module": "strategies", "funcName": "__init__", "lineno": 738, "ts": "2026-07-19T08:16:42.922121+00:00"}
{"message": "OrgInvitation.org will use Session.get() to optimize instance loads", "severity": "INFO", "module": "strategies", "funcName": "__init__", "lineno": 764, "ts": "2026-07-19T08:16:42.922264+00:00"}
{"message": "OrgInvitation.role setup primary join role.id = org_invitation.role_id", "severity": "INFO", "module": "relationships", "funcName": "_log_joins", "lineno": 2339, "ts": "2026-07-19T08:16:42.922729+00:00"}
{"message": "OrgInvitation.role setup secondary join None", "severity": "INFO", "module": "relationships", "funcName": "_log_joins", "lineno": 2340, "ts": "2026-07-19T08:16:42.922814+00:00"}
{"message": "OrgInvitation.role synchronize pairs [(role.id => org_invitation.role_id)]", "severity": "INFO", "module": "relationships", "funcName": "_log_joins", "lineno": 2341, "ts": "2026-07-19T08:16:42.922845+00:00"}
{"message": "OrgInvitation.role secondary synchronize pairs []", "severity": "INFO", "module": "relationships", "funcName": "_log_joins", "lineno": 2348, "ts": "2026-07-19T08:16:42.922890+00:00"}
{"message": "OrgInvitation.role local/remote pairs [(org_invitation.role_id / role.id)]", "severity": "INFO", "module": "relationships", "funcName": "_log_joins", "lineno": 2356, "ts": "2026-07-19T08:16:42.922919+00:00"}
{"message": "OrgInvitation.role remote columns [role.id]", "severity": "INFO", "module": "relationships", "funcName": "_log_joins", "lineno": 2363, "ts": "2026-07-19T08:16:42.922960+00:00"}
{"message": "OrgInvitation.role local columns [org_invitation.role_id]", "severity": "INFO", "module": "relationships", "funcName": "_log_joins", "lineno": 2368, "ts": "2026-07-19T08:16:42.922993+00:00"}
{"message": "OrgInvitation.role relationship direction RelationshipDirection.MANYTOONE", "severity": "INFO", "module": "relationships", "funcName": "_log_joins", "lineno": 2373, "ts": "2026-07-19T08:16:42.923021+00:00"}
{"message": "OrgInvitation.role lazy loading clause role.id = :param_1", "severity": "INFO", "module": "strategies", "funcName": "__init__", "lineno": 738, "ts": "2026-07-19T08:16:42.923120+00:00"}
{"message": "OrgInvitation.role will use Session.get() to optimize instance loads", "severity": "INFO", "module": "strategies", "funcName": "__init__", "lineno": 764, "ts": "2026-07-19T08:16:42.923293+00:00"}
{"message": "OrgInvitation.inviter setup primary join \"user\".id = org_invitation.inviter_id", "severity": "INFO", "module": "relationships", "funcName": "_log_joins", "lineno": 2339, "ts": "2026-07-19T08:16:42.923695+00:00"}
{"message": "OrgInvitation.inviter setup secondary join None", "severity": "INFO", "module": "relationships", "funcName": "_log_joins", "lineno": 2340, "ts": "2026-07-19T08:16:42.923773+00:00"}
{"message": "OrgInvitation.inviter synchronize pairs [(user.id => org_invitation.inviter_id)]", "severity": "INFO", "module": "relationships", "funcName": "_log_joins", "lineno": 2341, "ts": "2026-07-19T08:16:42.923804+00:00"}
{"message": "OrgInvitation.inviter secondary synchronize pairs []", "severity": "INFO", "module": "relationships", "funcName": "_log_joins", "lineno": 2348, "ts": "2026-07-19T08:16:42.923828+00:00"}
{"message": "OrgInvitation.inviter local/remote pairs [(org_invitation.inviter_id / user.id)]", "severity": "INFO", "module": "relationships", "funcName": "_log_joins", "lineno": 2356, "ts": "2026-07-19T08:16:42.923851+00:00"}
{"message": "OrgInvitation.inviter remote columns [user.id]", "severity": "INFO", "module": "relationships", "funcName": "_log_joins", "lineno": 2363, "ts": "2026-07-19T08:16:42.923907+00:00"}
{"message": "OrgInvitation.inviter local columns [org_invitation.inviter_id]", "severity": "INFO", "module": "relationships", "funcName": "_log_joins", "lineno": 2368, "ts": "2026-07-19T08:16:42.923946+00:00"}
{"message": "OrgInvitation.inviter relationship direction RelationshipDirection.MANYTOONE", "severity": "INFO", "module": "relationships", "funcName": "_log_joins", "lineno": 2373, "ts": "2026-07-19T08:16:42.923967+00:00"}
{"message": "OrgInvitation.inviter lazy loading clause \"user\".id = :param_1", "severity": "INFO", "module": "strategies", "funcName": "__init__", "lineno": 738, "ts": "2026-07-19T08:16:42.924063+00:00"}
{"message": "OrgInvitation.inviter will use Session.get() to optimize instance loads", "severity": "INFO", "module": "strategies", "funcName": "__init__", "lineno": 764, "ts": "2026-07-19T08:16:42.924225+00:00"}
{"message": "OrgInvitation.accepted_by_user setup primary join \"user\".id = org_invitation.accepted_by_user_id", "severity": "INFO", "module": "relationships", "funcName": "_log_joins", "lineno": 2339, "ts": "2026-07-19T08:16:42.924601+00:00"}
{"message": "OrgInvitation.accepted_by_user setup secondary join None", "severity": "INFO", "module": "relationships", "funcName": "_log_joins", "lineno": 2340, "ts": "2026-07-19T08:16:42.924675+00:00"}
{"message": "OrgInvitation.accepted_by_user synchronize pairs [(user.id => org_invitation.accepted_by_user_id)]", "severity": "INFO", "module": "relationships", "funcName": "_log_joins", "lineno": 2341, "ts": "2026-07-19T08:16:42.924705+00:00"}
{"message": "OrgInvitation.accepted_by_user secondary synchronize pairs []", "severity": "INFO", "module": "relationships", "funcName": "_log_joins", "lineno": 2348, "ts": "2026-07-19T08:16:42.924728+00:00"}
{"message": "OrgInvitation.accepted_by_user local/remote pairs [(org_invitation.accepted_by_user_id / user.id)]", "severity": "INFO", "module": "relationships", "funcName": "_log_joins", "lineno": 2356, "ts": "2026-07-19T08:16:42.924750+00:00"}
{"message": "OrgInvitation.accepted_by_user remote columns [user.id]", "severity": "INFO", "module": "relationships", "funcName": "_log_joins", "lineno": 2363, "ts": "2026-07-19T08:16:42.924785+00:00"}
{"message": "OrgInvitation.accepted_by_user local columns [org_invitation.accepted_by_user_id]", "severity": "INFO", "module": "relationships", "funcName": "_log_joins", "lineno": 2368, "ts": "2026-07-19T08:16:42.924823+00:00"}
{"message": "OrgInvitation.accepted_by_user relationship direction RelationshipDirection.MANYTOONE", "severity": "INFO", "module": "relationships", "funcName": "_log_joins", "lineno": 2373, "ts": "2026-07-19T08:16:42.924845+00:00"}
{"message": "OrgInvitation.accepted_by_user lazy loading clause \"user\".id = :param_1", "severity": "INFO", "module": "strategies", "funcName": "__init__", "lineno": 738, "ts": "2026-07-19T08:16:42.924958+00:00"}
{"message": "OrgInvitation.accepted_by_user will use Session.get() to optimize instance loads", "severity": "INFO", "module": "strategies", "funcName": "__init__", "lineno": 764, "ts": "2026-07-19T08:16:42.925093+00:00"}
{"message": "OrgMember.org setup primary join org.id = org_member.org_id", "severity": "INFO", "module": "relationships", "funcName": "_log_joins", "lineno": 2339, "ts": "2026-07-19T08:16:42.925924+00:00"}
{"message": "OrgMember.org setup secondary join None", "severity": "INFO", "module": "relationships", "funcName": "_log_joins", "lineno": 2340, "ts": "2026-07-19T08:16:42.926014+00:00"}
{"message": "OrgMember.org synchronize pairs [(org.id => org_member.org_id)]", "severity": "INFO", "module": "relationships", "funcName": "_log_joins", "lineno": 2341, "ts": "2026-07-19T08:16:42.926046+00:00"}
{"message": "OrgMember.org secondary synchronize pairs []", "severity": "INFO", "module": "relationships", "funcName": "_log_joins", "lineno": 2348, "ts": "2026-07-19T08:16:42.926070+00:00"}
{"message": "OrgMember.org local/remote pairs [(org_member.org_id / org.id)]", "severity": "INFO", "module": "relationships", "funcName": "_log_joins", "lineno": 2356, "ts": "2026-07-19T08:16:42.926094+00:00"}
{"message": "OrgMember.org remote columns [org.id]", "severity": "INFO", "module": "relationships", "funcName": "_log_joins", "lineno": 2363, "ts": "2026-07-19T08:16:42.926131+00:00"}
{"message": "OrgMember.org local columns [org_member.org_id]", "severity": "INFO", "module": "relationships", "funcName": "_log_joins", "lineno": 2368, "ts": "2026-07-19T08:16:42.926163+00:00"}
{"message": "OrgMember.org relationship direction RelationshipDirection.MANYTOONE", "severity": "INFO", "module": "relationships", "funcName": "_log_joins", "lineno": 2373, "ts": "2026-07-19T08:16:42.926184+00:00"}
{"message": "OrgMember.org lazy loading clause org.id = :param_1", "severity": "INFO", "module": "strategies", "funcName": "__init__", "lineno": 738, "ts": "2026-07-19T08:16:42.926313+00:00"}
{"message": "OrgMember.org will use Session.get() to optimize instance loads", "severity": "INFO", "module": "strategies", "funcName": "__init__", "lineno": 764, "ts": "2026-07-19T08:16:42.926454+00:00"}
{"message": "OrgMember.user setup primary join \"user\".id = org_member.user_id", "severity": "INFO", "module": "relationships", "funcName": "_log_joins", "lineno": 2339, "ts": "2026-07-19T08:16:42.927017+00:00"}
{"message": "OrgMember.user setup secondary join None", "severity": "INFO", "module": "relationships", "funcName": "_log_joins", "lineno": 2340, "ts": "2026-07-19T08:16:42.927099+00:00"}
{"message": "OrgMember.user synchronize pairs [(user.id => org_member.user_id)]", "severity": "INFO", "module": "relationships", "funcName": "_log_joins", "lineno": 2341, "ts": "2026-07-19T08:16:42.927130+00:00"}
{"message": "OrgMember.user secondary synchronize pairs []", "severity": "INFO", "module": "relationships", "funcName": "_log_joins", "lineno": 2348, "ts": "2026-07-19T08:16:42.927154+00:00"}
{"message": "OrgMember.user local/remote pairs [(org_member.user_id / user.id)]", "severity": "INFO", "module": "relationships", "funcName": "_log_joins", "lineno": 2356, "ts": "2026-07-19T08:16:42.927178+00:00"}
{"message": "OrgMember.user remote columns [user.id]", "severity": "INFO", "module": "relationships", "funcName": "_log_joins", "lineno": 2363, "ts": "2026-07-19T08:16:42.927213+00:00"}
{"message": "OrgMember.user local columns [org_member.user_id]", "severity": "INFO", "module": "relationships", "funcName": "_log_joins", "lineno": 2368, "ts": "2026-07-19T08:16:42.927254+00:00"}
{"message": "OrgMember.user relationship direction RelationshipDirection.MANYTOONE", "severity": "INFO", "module": "relationships", "funcName": "_log_joins", "lineno": 2373, "ts": "2026-07-19T08:16:42.927278+00:00"}
{"message": "OrgMember.user lazy loading clause \"user\".id = :param_1", "severity": "INFO", "module": "strategies", "funcName": "__init__", "lineno": 738, "ts": "2026-07-19T08:16:42.927387+00:00"}
{"message": "OrgMember.user will use Session.get() to optimize instance loads", "severity": "INFO", "module": "strategies", "funcName": "__init__", "lineno": 764, "ts": "2026-07-19T08:16:42.927520+00:00"}
{"message": "OrgMember.role setup primary join role.id = org_member.role_id", "severity": "INFO", "module": "relationships", "funcName": "_log_joins", "lineno": 2339, "ts": "2026-07-19T08:16:42.927950+00:00"}
{"message": "OrgMember.role setup secondary join None", "severity": "INFO", "module": "relationships", "funcName": "_log_joins", "lineno": 2340, "ts": "2026-07-19T08:16:42.928028+00:00"}
{"message": "OrgMember.role synchronize pairs [(role.id => org_member.role_id)]", "severity": "INFO", "module": "relationships", "funcName": "_log_joins", "lineno": 2341, "ts": "2026-07-19T08:16:42.928059+00:00"}
{"message": "OrgMember.role secondary synchronize pairs []", "severity": "INFO", "module": "relationships", "funcName": "_log_joins", "lineno": 2348, "ts": "2026-07-19T08:16:42.928083+00:00"}
{"message": "OrgMember.role local/remote pairs [(org_member.role_id / role.id)]", "severity": "INFO", "module": "relationships", "funcName": "_log_joins", "lineno": 2356, "ts": "2026-07-19T08:16:42.928106+00:00"}
{"message": "OrgMember.role remote columns [role.id]", "severity": "INFO", "module": "relationships", "funcName": "_log_joins", "lineno": 2363, "ts": "2026-07-19T08:16:42.928140+00:00"}
{"message": "OrgMember.role local columns [org_member.role_id]", "severity": "INFO", "module": "relationships", "funcName": "_log_joins", "lineno": 2368, "ts": "2026-07-19T08:16:42.928172+00:00"}
{"message": "OrgMember.role relationship direction RelationshipDirection.MANYTOONE", "severity": "INFO", "module": "relationships", "funcName": "_log_joins", "lineno": 2373, "ts": "2026-07-19T08:16:42.928192+00:00"}
{"message": "OrgMember.role lazy loading clause role.id = :param_1", "severity": "INFO", "module": "strategies", "funcName": "__init__", "lineno": 738, "ts": "2026-07-19T08:16:42.928302+00:00"}
{"message": "OrgMember.role will use Session.get() to optimize instance loads", "severity": "INFO", "module": "strategies", "funcName": "__init__", "lineno": 764, "ts": "2026-07-19T08:16:42.928434+00:00"}
{"message": "Role.users setup primary join role.id = \"user\".role_id", "severity": "INFO", "module": "relationships", "funcName": "_log_joins", "lineno": 2339, "ts": "2026-07-19T08:16:42.930237+00:00"}
{"message": "Role.users setup secondary join None", "severity": "INFO", "module": "relationships", "funcName": "_log_joins", "lineno": 2340, "ts": "2026-07-19T08:16:42.930345+00:00"}
{"message": "Role.users synchronize pairs [(role.id => user.role_id)]", "severity": "INFO", "module": "relationships", "funcName": "_log_joins", "lineno": 2341, "ts": "2026-07-19T08:16:42.930382+00:00"}
{"message": "Role.users secondary synchronize pairs []", "severity": "INFO", "module": "relationships", "funcName": "_log_joins", "lineno": 2348, "ts": "2026-07-19T08:16:42.930408+00:00"}
{"message": "Role.users local/remote pairs [(role.id / user.role_id)]", "severity": "INFO", "module": "relationships", "funcName": "_log_joins", "lineno": 2356, "ts": "2026-07-19T08:16:42.930433+00:00"}
{"message": "Role.users remote columns [user.role_id]", "severity": "INFO", "module": "relationships", "funcName": "_log_joins", "lineno": 2363, "ts": "2026-07-19T08:16:42.930471+00:00"}
{"message": "Role.users local columns [role.id]", "severity": "INFO", "module": "relationships", "funcName": "_log_joins", "lineno": 2368, "ts": "2026-07-19T08:16:42.930510+00:00"}
{"message": "Role.users relationship direction RelationshipDirection.ONETOMANY", "severity": "INFO", "module": "relationships", "funcName": "_log_joins", "lineno": 2373, "ts": "2026-07-19T08:16:42.930534+00:00"}
{"message": "Role.users lazy loading clause :param_1 = \"user\".role_id", "severity": "INFO", "module": "strategies", "funcName": "__init__", "lineno": 738, "ts": "2026-07-19T08:16:42.930649+00:00"}
{"message": "Role.org_members setup primary join role.id = org_member.role_id", "severity": "INFO", "module": "relationships", "funcName": "_log_joins", "lineno": 2339, "ts": "2026-07-19T08:16:42.931199+00:00"}
{"message": "Role.org_members setup secondary join None", "severity": "INFO", "module": "relationships", "funcName": "_log_joins", "lineno": 2340, "ts": "2026-07-19T08:16:42.931280+00:00"}
{"message": "Role.org_members synchronize pairs [(role.id => org_member.role_id)]", "severity": "INFO", "module": "relationships", "funcName": "_log_joins", "lineno": 2341, "ts": "2026-07-19T08:16:42.931312+00:00"}
{"message": "Role.org_members secondary synchronize pairs []", "severity": "INFO", "module": "relationships", "funcName": "_log_joins", "lineno": 2348, "ts": "2026-07-19T08:16:42.931336+00:00"}
{"message": "Role.org_members local/remote pairs [(role.id / org_member.role_id)]", "severity": "INFO", "module": "relationships", "funcName": "_log_joins", "lineno": 2356, "ts": "2026-07-19T08:16:42.931358+00:00"}
{"message": "Role.org_members remote columns [org_member.role_id]", "severity": "INFO", "module": "relationships", "funcName": "_log_joins", "lineno": 2363, "ts": "2026-07-19T08:16:42.931392+00:00"}
{"message": "Role.org_members local columns [role.id]", "severity": "INFO", "module": "relationships", "funcName": "_log_joins", "lineno": 2368, "ts": "2026-07-19T08:16:42.931422+00:00"}
{"message": "Role.org_members relationship direction RelationshipDirection.ONETOMANY", "severity": "INFO", "module": "relationships", "funcName": "_log_joins", "lineno": 2373, "ts": "2026-07-19T08:16:42.931443+00:00"}
{"message": "Role.org_members lazy loading clause :param_1 = org_member.role_id", "severity": "INFO", "module": "strategies", "funcName": "__init__", "lineno": 738, "ts": "2026-07-19T08:16:42.931563+00:00"}
{"message": "SlackConversation.org setup primary join org.id = slack_conversation.org_id", "severity": "INFO", "module": "relationships", "funcName": "_log_joins", "lineno": 2339, "ts": "2026-07-19T08:16:42.932206+00:00"}
{"message": "SlackConversation.org setup secondary join None", "severity": "INFO", "module": "relationships", "funcName": "_log_joins", "lineno": 2340, "ts": "2026-07-19T08:16:42.932286+00:00"}
{"message": "SlackConversation.org synchronize pairs [(org.id => slack_conversation.org_id)]", "severity": "INFO", "module": "relationships", "funcName": "_log_joins", "lineno": 2341, "ts": "2026-07-19T08:16:42.932316+00:00"}
{"message": "SlackConversation.org secondary synchronize pairs []", "severity": "INFO", "module": "relationships", "funcName": "_log_joins", "lineno": 2348, "ts": "2026-07-19T08:16:42.932339+00:00"}
{"message": "SlackConversation.org local/remote pairs [(slack_conversation.org_id / org.id)]", "severity": "INFO", "module": "relationships", "funcName": "_log_joins", "lineno": 2356, "ts": "2026-07-19T08:16:42.932362+00:00"}
{"message": "SlackConversation.org remote columns [org.id]", "severity": "INFO", "module": "relationships", "funcName": "_log_joins", "lineno": 2363, "ts": "2026-07-19T08:16:42.932397+00:00"}
{"message": "SlackConversation.org local columns [slack_conversation.org_id]", "severity": "INFO", "module": "relationships", "funcName": "_log_joins", "lineno": 2368, "ts": "2026-07-19T08:16:42.932427+00:00"}
{"message": "SlackConversation.org relationship direction RelationshipDirection.MANYTOONE", "severity": "INFO", "module": "relationships", "funcName": "_log_joins", "lineno": 2373, "ts": "2026-07-19T08:16:42.932447+00:00"}
{"message": "SlackConversation.org lazy loading clause org.id = :param_1", "severity": "INFO", "module": "strategies", "funcName": "__init__", "lineno": 738, "ts": "2026-07-19T08:16:42.932581+00:00"}
{"message": "SlackConversation.org will use Session.get() to optimize instance loads", "severity": "INFO", "module": "strategies", "funcName": "__init__", "lineno": 764, "ts": "2026-07-19T08:16:42.932727+00:00"}
{"message": "SlackUser.org setup primary join org.id = slack_users.org_id", "severity": "INFO", "module": "relationships", "funcName": "_log_joins", "lineno": 2339, "ts": "2026-07-19T08:16:42.933581+00:00"}
{"message": "SlackUser.org setup secondary join None", "severity": "INFO", "module": "relationships", "funcName": "_log_joins", "lineno": 2340, "ts": "2026-07-19T08:16:42.933665+00:00"}
{"message": "SlackUser.org synchronize pairs [(org.id => slack_users.org_id)]", "severity": "INFO", "module": "relationships", "funcName": "_log_joins", "lineno": 2341, "ts": "2026-07-19T08:16:42.933697+00:00"}
{"message": "SlackUser.org secondary synchronize pairs []", "severity": "INFO", "module": "relationships", "funcName": "_log_joins", "lineno": 2348, "ts": "2026-07-19T08:16:42.933721+00:00"}
{"message": "SlackUser.org local/remote pairs [(slack_users.org_id / org.id)]", "severity": "INFO", "module": "relationships", "funcName": "_log_joins", "lineno": 2356, "ts": "2026-07-19T08:16:42.933745+00:00"}
{"message": "SlackUser.org remote columns [org.id]", "severity": "INFO", "module": "relationships", "funcName": "_log_joins", "lineno": 2363, "ts": "2026-07-19T08:16:42.933780+00:00"}
{"message": "SlackUser.org local columns [slack_users.org_id]", "severity": "INFO", "module": "relationships", "funcName": "_log_joins", "lineno": 2368, "ts": "2026-07-19T08:16:42.933814+00:00"}
{"message": "SlackUser.org relationship direction RelationshipDirection.MANYTOONE", "severity": "INFO", "module": "relationships", "funcName": "_log_joins", "lineno": 2373, "ts": "2026-07-19T08:16:42.933836+00:00"}
{"message": "SlackUser.org lazy loading clause org.id = :param_1", "severity": "INFO", "module": "strategies", "funcName": "__init__", "lineno": 738, "ts": "2026-07-19T08:16:42.933987+00:00"}
{"message": "SlackUser.org will use Session.get() to optimize instance loads", "severity": "INFO", "module": "strategies", "funcName": "__init__", "lineno": 764, "ts": "2026-07-19T08:16:42.934131+00:00"}
{"message": "StoredConversationMetadataSaas.user setup primary join \"user\".id = conversation_metadata_saas.user_id", "severity": "INFO", "module": "relationships", "funcName": "_log_joins", "lineno": 2339, "ts": "2026-07-19T08:16:42.936178+00:00"}
{"message": "StoredConversationMetadataSaas.user setup secondary join None", "severity": "INFO", "module": "relationships", "funcName": "_log_joins", "lineno": 2340, "ts": "2026-07-19T08:16:42.936275+00:00"}
{"message": "StoredConversationMetadataSaas.user synchronize pairs [(user.id => conversation_metadata_saas.user_id)]", "severity": "INFO", "module": "relationships", "funcName": "_log_joins", "lineno": 2341, "ts": "2026-07-19T08:16:42.936311+00:00"}
{"message": "StoredConversationMetadataSaas.user secondary synchronize pairs []", "severity": "INFO", "module": "relationships", "funcName": "_log_joins", "lineno": 2348, "ts": "2026-07-19T08:16:42.936337+00:00"}
{"message": "StoredConversationMetadataSaas.user local/remote pairs [(conversation_metadata_saas.user_id / user.id)]", "severity": "INFO", "module": "relationships", "funcName": "_log_joins", "lineno": 2356, "ts": "2026-07-19T08:16:42.936361+00:00"}
{"message": "StoredConversationMetadataSaas.user remote columns [user.id]", "severity": "INFO", "module": "relationships", "funcName": "_log_joins", "lineno": 2363, "ts": "2026-07-19T08:16:42.936397+00:00"}
{"message": "StoredConversationMetadataSaas.user local columns [conversation_metadata_saas.user_id]", "severity": "INFO", "module": "relationships", "funcName": "_log_joins", "lineno": 2368, "ts": "2026-07-19T08:16:42.936429+00:00"}
{"message": "StoredConversationMetadataSaas.user relationship direction RelationshipDirection.MANYTOONE", "severity": "INFO", "module": "relationships", "funcName": "_log_joins", "lineno": 2373, "ts": "2026-07-19T08:16:42.936450+00:00"}
{"message": "StoredConversationMetadataSaas.user lazy loading clause \"user\".id = :param_1", "severity": "INFO", "module": "strategies", "funcName": "__init__", "lineno": 738, "ts": "2026-07-19T08:16:42.936573+00:00"}
{"message": "StoredConversationMetadataSaas.user will use Session.get() to optimize instance loads", "severity": "INFO", "module": "strategies", "funcName": "__init__", "lineno": 764, "ts": "2026-07-19T08:16:42.936716+00:00"}
{"message": "StoredConversationMetadataSaas.org setup primary join org.id = conversation_metadata_saas.org_id", "severity": "INFO", "module": "relationships", "funcName": "_log_joins", "lineno": 2339, "ts": "2026-07-19T08:16:42.937179+00:00"}
{"message": "StoredConversationMetadataSaas.org setup secondary join None", "severity": "INFO", "module": "relationships", "funcName": "_log_joins", "lineno": 2340, "ts": "2026-07-19T08:16:42.937262+00:00"}
{"message": "StoredConversationMetadataSaas.org synchronize pairs [(org.id => conversation_metadata_saas.org_id)]", "severity": "INFO", "module": "relationships", "funcName": "_log_joins", "lineno": 2341, "ts": "2026-07-19T08:16:42.937294+00:00"}
{"message": "StoredConversationMetadataSaas.org secondary synchronize pairs []", "severity": "INFO", "module": "relationships", "funcName": "_log_joins", "lineno": 2348, "ts": "2026-07-19T08:16:42.937321+00:00"}
{"message": "StoredConversationMetadataSaas.org local/remote pairs [(conversation_metadata_saas.org_id / org.id)]", "severity": "INFO", "module": "relationships", "funcName": "_log_joins", "lineno": 2356, "ts": "2026-07-19T08:16:42.937348+00:00"}
{"message": "StoredConversationMetadataSaas.org remote columns [org.id]", "severity": "INFO", "module": "relationships", "funcName": "_log_joins", "lineno": 2363, "ts": "2026-07-19T08:16:42.937386+00:00"}
{"message": "StoredConversationMetadataSaas.org local columns [conversation_metadata_saas.org_id]", "severity": "INFO", "module": "relationships", "funcName": "_log_joins", "lineno": 2368, "ts": "2026-07-19T08:16:42.937420+00:00"}
{"message": "StoredConversationMetadataSaas.org relationship direction RelationshipDirection.MANYTOONE", "severity": "INFO", "module": "relationships", "funcName": "_log_joins", "lineno": 2373, "ts": "2026-07-19T08:16:42.937442+00:00"}
{"message": "StoredConversationMetadataSaas.org lazy loading clause org.id = :param_1", "severity": "INFO", "module": "strategies", "funcName": "__init__", "lineno": 738, "ts": "2026-07-19T08:16:42.937585+00:00"}
{"message": "StoredConversationMetadataSaas.org will use Session.get() to optimize instance loads", "severity": "INFO", "module": "strategies", "funcName": "__init__", "lineno": 764, "ts": "2026-07-19T08:16:42.937717+00:00"}
{"message": "StoredCustomSecrets.org setup primary join org.id = custom_secrets.org_id", "severity": "INFO", "module": "relationships", "funcName": "_log_joins", "lineno": 2339, "ts": "2026-07-19T08:16:42.938292+00:00"}
{"message": "StoredCustomSecrets.org setup secondary join None", "severity": "INFO", "module": "relationships", "funcName": "_log_joins", "lineno": 2340, "ts": "2026-07-19T08:16:42.938376+00:00"}
{"message": "StoredCustomSecrets.org synchronize pairs [(org.id => custom_secrets.org_id)]", "severity": "INFO", "module": "relationships", "funcName": "_log_joins", "lineno": 2341, "ts": "2026-07-19T08:16:42.938407+00:00"}
{"message": "StoredCustomSecrets.org secondary synchronize pairs []", "severity": "INFO", "module": "relationships", "funcName": "_log_joins", "lineno": 2348, "ts": "2026-07-19T08:16:42.938431+00:00"}
{"message": "StoredCustomSecrets.org local/remote pairs [(custom_secrets.org_id / org.id)]", "severity": "INFO", "module": "relationships", "funcName": "_log_joins", "lineno": 2356, "ts": "2026-07-19T08:16:42.938454+00:00"}
{"message": "StoredCustomSecrets.org remote columns [org.id]", "severity": "INFO", "module": "relationships", "funcName": "_log_joins", "lineno": 2363, "ts": "2026-07-19T08:16:42.938489+00:00"}
{"message": "StoredCustomSecrets.org local columns [custom_secrets.org_id]", "severity": "INFO", "module": "relationships", "funcName": "_log_joins", "lineno": 2368, "ts": "2026-07-19T08:16:42.938527+00:00"}
{"message": "StoredCustomSecrets.org relationship direction RelationshipDirection.MANYTOONE", "severity": "INFO", "module": "relationships", "funcName": "_log_joins", "lineno": 2373, "ts": "2026-07-19T08:16:42.938549+00:00"}
{"message": "StoredCustomSecrets.org lazy loading clause org.id = :param_1", "severity": "INFO", "module": "strategies", "funcName": "__init__", "lineno": 738, "ts": "2026-07-19T08:16:42.938679+00:00"}
{"message": "StoredCustomSecrets.org will use Session.get() to optimize instance loads", "severity": "INFO", "module": "strategies", "funcName": "__init__", "lineno": 764, "ts": "2026-07-19T08:16:42.938818+00:00"}
{"message": "StripeCustomer.org setup primary join org.id = stripe_customers.org_id", "severity": "INFO", "module": "relationships", "funcName": "_log_joins", "lineno": 2339, "ts": "2026-07-19T08:16:42.939837+00:00"}
{"message": "StripeCustomer.org setup secondary join None", "severity": "INFO", "module": "relationships", "funcName": "_log_joins", "lineno": 2340, "ts": "2026-07-19T08:16:42.939949+00:00"}
{"message": "StripeCustomer.org synchronize pairs [(org.id => stripe_customers.org_id)]", "severity": "INFO", "module": "relationships", "funcName": "_log_joins", "lineno": 2341, "ts": "2026-07-19T08:16:42.939984+00:00"}
{"message": "StripeCustomer.org secondary synchronize pairs []", "severity": "INFO", "module": "relationships", "funcName": "_log_joins", "lineno": 2348, "ts": "2026-07-19T08:16:42.940011+00:00"}
{"message": "StripeCustomer.org local/remote pairs [(stripe_customers.org_id / org.id)]", "severity": "INFO", "module": "relationships", "funcName": "_log_joins", "lineno": 2356, "ts": "2026-07-19T08:16:42.940035+00:00"}
{"message": "StripeCustomer.org remote columns [org.id]", "severity": "INFO", "module": "relationships", "funcName": "_log_joins", "lineno": 2363, "ts": "2026-07-19T08:16:42.940073+00:00"}
{"message": "StripeCustomer.org local columns [stripe_customers.org_id]", "severity": "INFO", "module": "relationships", "funcName": "_log_joins", "lineno": 2368, "ts": "2026-07-19T08:16:42.940105+00:00"}
{"message": "StripeCustomer.org relationship direction RelationshipDirection.MANYTOONE", "severity": "INFO", "module": "relationships", "funcName": "_log_joins", "lineno": 2373, "ts": "2026-07-19T08:16:42.940126+00:00"}
{"message": "StripeCustomer.org lazy loading clause org.id = :param_1", "severity": "INFO", "module": "strategies", "funcName": "__init__", "lineno": 738, "ts": "2026-07-19T08:16:42.940262+00:00"}
{"message": "StripeCustomer.org will use Session.get() to optimize instance loads", "severity": "INFO", "module": "strategies", "funcName": "__init__", "lineno": 764, "ts": "2026-07-19T08:16:42.940396+00:00"}
{"message": "User.role setup primary join role.id = \"user\".role_id", "severity": "INFO", "module": "relationships", "funcName": "_log_joins", "lineno": 2339, "ts": "2026-07-19T08:16:42.941482+00:00"}
{"message": "User.role setup secondary join None", "severity": "INFO", "module": "relationships", "funcName": "_log_joins", "lineno": 2340, "ts": "2026-07-19T08:16:42.941573+00:00"}
{"message": "User.role synchronize pairs [(role.id => user.role_id)]", "severity": "INFO", "module": "relationships", "funcName": "_log_joins", "lineno": 2341, "ts": "2026-07-19T08:16:42.941607+00:00"}
{"message": "User.role secondary synchronize pairs []", "severity": "INFO", "module": "relationships", "funcName": "_log_joins", "lineno": 2348, "ts": "2026-07-19T08:16:42.941633+00:00"}
{"message": "User.role local/remote pairs [(user.role_id / role.id)]", "severity": "INFO", "module": "relationships", "funcName": "_log_joins", "lineno": 2356, "ts": "2026-07-19T08:16:42.941659+00:00"}
{"message": "User.role remote columns [role.id]", "severity": "INFO", "module": "relationships", "funcName": "_log_joins", "lineno": 2363, "ts": "2026-07-19T08:16:42.941695+00:00"}
{"message": "User.role local columns [user.role_id]", "severity": "INFO", "module": "relationships", "funcName": "_log_joins", "lineno": 2368, "ts": "2026-07-19T08:16:42.941734+00:00"}
{"message": "User.role relationship direction RelationshipDirection.MANYTOONE", "severity": "INFO", "module": "relationships", "funcName": "_log_joins", "lineno": 2373, "ts": "2026-07-19T08:16:42.941758+00:00"}
{"message": "User.role lazy loading clause role.id = :param_1", "severity": "INFO", "module": "strategies", "funcName": "__init__", "lineno": 738, "ts": "2026-07-19T08:16:42.941913+00:00"}
{"message": "User.role will use Session.get() to optimize instance loads", "severity": "INFO", "module": "strategies", "funcName": "__init__", "lineno": 764, "ts": "2026-07-19T08:16:42.942086+00:00"}
{"message": "User.org_members setup primary join \"user\".id = org_member.user_id", "severity": "INFO", "module": "relationships", "funcName": "_log_joins", "lineno": 2339, "ts": "2026-07-19T08:16:42.942516+00:00"}
{"message": "User.org_members setup secondary join None", "severity": "INFO", "module": "relationships", "funcName": "_log_joins", "lineno": 2340, "ts": "2026-07-19T08:16:42.942592+00:00"}
{"message": "User.org_members synchronize pairs [(user.id => org_member.user_id)]", "severity": "INFO", "module": "relationships", "funcName": "_log_joins", "lineno": 2341, "ts": "2026-07-19T08:16:42.942623+00:00"}
{"message": "User.org_members secondary synchronize pairs []", "severity": "INFO", "module": "relationships", "funcName": "_log_joins", "lineno": 2348, "ts": "2026-07-19T08:16:42.942647+00:00"}
{"message": "User.org_members local/remote pairs [(user.id / org_member.user_id)]", "severity": "INFO", "module": "relationships", "funcName": "_log_joins", "lineno": 2356, "ts": "2026-07-19T08:16:42.942671+00:00"}
{"message": "User.org_members remote columns [org_member.user_id]", "severity": "INFO", "module": "relationships", "funcName": "_log_joins", "lineno": 2363, "ts": "2026-07-19T08:16:42.942706+00:00"}
{"message": "User.org_members local columns [user.id]", "severity": "INFO", "module": "relationships", "funcName": "_log_joins", "lineno": 2368, "ts": "2026-07-19T08:16:42.942743+00:00"}
{"message": "User.org_members relationship direction RelationshipDirection.ONETOMANY", "severity": "INFO", "module": "relationships", "funcName": "_log_joins", "lineno": 2373, "ts": "2026-07-19T08:16:42.942764+00:00"}
{"message": "User.org_members lazy loading clause :param_1 = org_member.user_id", "severity": "INFO", "module": "strategies", "funcName": "__init__", "lineno": 738, "ts": "2026-07-19T08:16:42.942897+00:00"}
{"message": "User.current_org setup primary join org.id = \"user\".current_org_id", "severity": "INFO", "module": "relationships", "funcName": "_log_joins", "lineno": 2339, "ts": "2026-07-19T08:16:42.943373+00:00"}
{"message": "User.current_org setup secondary join None", "severity": "INFO", "module": "relationships", "funcName": "_log_joins", "lineno": 2340, "ts": "2026-07-19T08:16:42.943444+00:00"}
{"message": "User.current_org synchronize pairs [(org.id => user.current_org_id)]", "severity": "INFO", "module": "relationships", "funcName": "_log_joins", "lineno": 2341, "ts": "2026-07-19T08:16:42.943474+00:00"}
{"message": "User.current_org secondary synchronize pairs []", "severity": "INFO", "module": "relationships", "funcName": "_log_joins", "lineno": 2348, "ts": "2026-07-19T08:16:42.943497+00:00"}
{"message": "User.current_org local/remote pairs [(user.current_org_id / org.id)]", "severity": "INFO", "module": "relationships", "funcName": "_log_joins", "lineno": 2356, "ts": "2026-07-19T08:16:42.943520+00:00"}
{"message": "User.current_org remote columns [org.id]", "severity": "INFO", "module": "relationships", "funcName": "_log_joins", "lineno": 2363, "ts": "2026-07-19T08:16:42.943553+00:00"}
{"message": "User.current_org local columns [user.current_org_id]", "severity": "INFO", "module": "relationships", "funcName": "_log_joins", "lineno": 2368, "ts": "2026-07-19T08:16:42.943585+00:00"}
{"message": "User.current_org relationship direction RelationshipDirection.MANYTOONE", "severity": "INFO", "module": "relationships", "funcName": "_log_joins", "lineno": 2373, "ts": "2026-07-19T08:16:42.943611+00:00"}
{"message": "User.current_org lazy loading clause org.id = :param_1", "severity": "INFO", "module": "strategies", "funcName": "__init__", "lineno": 738, "ts": "2026-07-19T08:16:42.943731+00:00"}
{"message": "User.current_org will use Session.get() to optimize instance loads", "severity": "INFO", "module": "strategies", "funcName": "__init__", "lineno": 764, "ts": "2026-07-19T08:16:42.943887+00:00"}
{"message": "User.stored_conversation_metadata_saas setup primary join \"user\".id = conversation_metadata_saas.user_id", "severity": "INFO", "module": "relationships", "funcName": "_log_joins", "lineno": 2339, "ts": "2026-07-19T08:16:42.944303+00:00"}
{"message": "User.stored_conversation_metadata_saas setup secondary join None", "severity": "INFO", "module": "relationships", "funcName": "_log_joins", "lineno": 2340, "ts": "2026-07-19T08:16:42.944376+00:00"}
{"message": "User.stored_conversation_metadata_saas synchronize pairs [(user.id => conversation_metadata_saas.user_id)]", "severity": "INFO", "module": "relationships", "funcName": "_log_joins", "lineno": 2341, "ts": "2026-07-19T08:16:42.944405+00:00"}
{"message": "User.stored_conversation_metadata_saas secondary synchronize pairs []", "severity": "INFO", "module": "relationships", "funcName": "_log_joins", "lineno": 2348, "ts": "2026-07-19T08:16:42.944428+00:00"}
{"message": "User.stored_conversation_metadata_saas local/remote pairs [(user.id / conversation_metadata_saas.user_id)]", "severity": "INFO", "module": "relationships", "funcName": "_log_joins", "lineno": 2356, "ts": "2026-07-19T08:16:42.944451+00:00"}
{"message": "User.stored_conversation_metadata_saas remote columns [conversation_metadata_saas.user_id]", "severity": "INFO", "module": "relationships", "funcName": "_log_joins", "lineno": 2363, "ts": "2026-07-19T08:16:42.944485+00:00"}
{"message": "User.stored_conversation_metadata_saas local columns [user.id]", "severity": "INFO", "module": "relationships", "funcName": "_log_joins", "lineno": 2368, "ts": "2026-07-19T08:16:42.944517+00:00"}
{"message": "User.stored_conversation_metadata_saas relationship direction RelationshipDirection.ONETOMANY", "severity": "INFO", "module": "relationships", "funcName": "_log_joins", "lineno": 2373, "ts": "2026-07-19T08:16:42.944538+00:00"}
{"message": "User.stored_conversation_metadata_saas lazy loading clause :param_1 = conversation_metadata_saas.user_id", "severity": "INFO", "module": "strategies", "funcName": "__init__", "lineno": 738, "ts": "2026-07-19T08:16:42.944654+00:00"}
{"message": "Retry attempt 1 due to error: Multiple exceptions: [Errno 111] Connect call failed ('127.0.0.1', 6379), [Errno 99] Cannot assign requested address", "severity": "INFO", "module": "retry", "funcName": "call_with_retries", "lineno": 57, "ts": "2026-07-19T08:16:42.958155+00:00"}
{"message": "Retry attempt 2 due to error: Multiple exceptions: [Errno 111] Connect call failed ('127.0.0.1', 6379), [Errno 99] Cannot assign requested address", "severity": "INFO", "module": "retry", "funcName": "call_with_retries", "lineno": 57, "ts": "2026-07-19T08:16:42.968778+00:00"}
{"message": "Retry attempt 3 due to error: Multiple exceptions: [Errno 111] Connect call failed ('127.0.0.1', 6379), [Errno 99] Cannot assign requested address", "severity": "INFO", "module": "retry", "funcName": "call_with_retries", "lineno": 57, "ts": "2026-07-19T08:16:42.979345+00:00"}
{"message": "Rate limit check could not complete, redis issue?", "severity": "ERROR", "module": "rate_limit", "funcName": "hit", "lineno": 68, "exc_info": "Traceback (most recent call last):\n  File \"/home/openhands/.cache/pypoetry/virtualenvs/enterprise-server-HD3KviQY-py3.13/lib/python3.13/site-packages/coredis/connection.py\", line 287, in connect\n    await self._connect()\n  File \"/home/openhands/.cache/pypoetry/virtualenvs/enterprise-server-HD3KviQY-py3.13/lib/python3.13/site-packages/coredis/connection.py\", line 781, in _connect\n    transport, _ = await connection\n                   ^^^^^^^^^^^^^^^^\n  File \"/usr/local/lib/python3.13/asyncio/base_events.py\", line 1179, in create_connection\n    raise OSError('Multiple exceptions: {}'.format(\n        ', '.join(str(exc) for exc in exceptions)))\nOSError: Multiple exceptions: [Errno 111] Connect call failed ('127.0.0.1', 6379), [Errno 99] Cannot assign requested address\n\nThe above exception was the direct cause of the following exception:\n\nTraceback (most recent call last):\n  File \"/workspace/project/OpenHands/enterprise/server/rate_limit.py\", line 66, in hit\n    allowed = await self.strategy.hit(lim, namespace, key)\n              ^^^^^^^^^^^^^^^^^^^^^^^^^^^^^^^^^^^^^^^^^^^^\n  File \"/home/openhands/.cache/pypoetry/virtualenvs/enterprise-server-HD3KviQY-py3.13/lib/python3.13/site-packages/limits/aio/strategies.py\", line 160, in hit\n    await self.storage.incr(\n    ...<3 lines>...\n    )\n  File \"/home/openhands/.cache/pypoetry/virtualenvs/enterprise-server-HD3KviQY-py3.13/lib/python3.13/site-packages/limits/aio/storage/base.py\", line 28, in inner\n    return await fn(*args, **kwargs)\n           ^^^^^^^^^^^^^^^^^^^^^^^^^\n  File \"/home/openhands/.cache/pypoetry/virtualenvs/enterprise-server-HD3KviQY-py3.13/lib/python3.13/site-packages/limits/aio/storage/redis/__init__.py\", line 163, in incr\n    return await self.bridge.incr(key, expiry, amount)\n           ^^^^^^^^^^^^^^^^^^^^^^^^^^^^^^^^^^^^^^^^^^^\n  File \"/home/openhands/.cache/pypoetry/virtualenvs/enterprise-server-HD3KviQY-py3.13/lib/python3.13/site-packages/limits/aio/storage/redis/coredis.py\", line 117, in incr\n    if (value := await self.get_connection().incrby(key, amount)) == amount:\n                 ^^^^^^^^^^^^^^^^^^^^^^^^^^^^^^^^^^^^^^^^^^^^^^^\n  File \"/home/openhands/.cache/pypoetry/virtualenvs/enterprise-server-HD3KviQY-py3.13/lib/python3.13/site-packages/coredis/commands/_wrappers.py\", line 206, in wrapped\n    async with command_cache(callable, *args, **kwargs) as response:\n               ~~~~~~~~~~~~~^^^^^^^^^^^^^^^^^^^^^^^^^^^\n  File \"/usr/local/lib/python3.13/contextlib.py\", line 214, in __aenter__\n    return await anext(self.gen)\n           ^^^^^^^^^^^^^^^^^^^^^\n  File \"/home/openhands/.cache/pypoetry/virtualenvs/enterprise-server-HD3KviQY-py3.13/lib/python3.13/site-packages/coredis/commands/_wrappers.py\", line 103, in __call__\n    yield await func(*args, **kwargs)\n          ^^^^^^^^^^^^^^^^^^^^^^^^^^^\n  File \"/home/openhands/.cache/pypoetry/virtualenvs/enterprise-server-HD3KviQY-py3.13/lib/python3.13/site-packages/coredis/commands/core.py\", line 349, in incrby\n    return await self.execute_command(\n           ^^^^^^^^^^^^^^^^^^^^^^^^^^^\n        CommandName.INCRBY, key, increment, callback=IntCallback()\n        ^^^^^^^^^^^^^^^^^^^^^^^^^^^^^^^^^^^^^^^^^^^^^^^^^^^^^^^^^^\n    )\n    ^\n  File \"/home/openhands/.cache/pypoetry/virtualenvs/enterprise-server-HD3KviQY-py3.13/lib/python3.13/site-packages/coredis/client/basic.py\", line 945, in execute_command\n    return await self.retry_policy.call_with_retries(\n           ^^^^^^^^^^^^^^^^^^^^^^^^^^^^^^^^^^^^^^^^^^\n    ...<2 lines>...\n    )\n    ^\n  File \"/home/openhands/.cache/pypoetry/virtualenvs/enterprise-server-HD3KviQY-py3.13/lib/python3.13/site-packages/coredis/retry.py\", line 71, in call_with_retries\n    raise last_error\n  File \"/home/openhands/.cache/pypoetry/virtualenvs/enterprise-server-HD3KviQY-py3.13/lib/python3.13/site-packages/coredis/retry.py\", line 55, in call_with_retries\n    return await func()\n           ^^^^^^^^^^^^\n  File \"/home/openhands/.cache/pypoetry/virtualenvs/enterprise-server-HD3KviQY-py3.13/lib/python3.13/site-packages/coredis/client/basic.py\", line 974, in _execute_command\n    request = await connection.create_request(\n              ^^^^^^^^^^^^^^^^^^^^^^^^^^^^^^^^\n    ...<5 lines>...\n    )\n    ^\n  File \"/home/openhands/.cache/pypoetry/virtualenvs/enterprise-server-HD3KviQY-py3.13/lib/python3.13/site-packages/coredis/connection.py\", line 610, in create_request\n    await self.connect()\n  File \"/home/openhands/.cache/pypoetry/virtualenvs/enterprise-server-HD3KviQY-py3.13/lib/python3.13/site-packages/coredis/connection.py\", line 293, in connect\n    raise ConnectionError(str(err)) from err\ncoredis.exceptions.ConnectionError: Multiple exceptions: [Errno 111] Connect call failed ('127.0.0.1', 6379), [Errno 99] Cannot assign requested address", "ts": "2026-07-19T08:16:42.979434+00:00"}
{"message": "Retry attempt 1 due to error: Multiple exceptions: [Errno 111] Connect call failed ('127.0.0.1', 6379), [Errno 99] Cannot assign requested address", "severity": "INFO", "module": "retry", "funcName": "call_with_retries", "lineno": 57, "ts": "2026-07-19T08:16:42.984081+00:00"}
{"message": "Retry attempt 2 due to error: Multiple exceptions: [Errno 111] Connect call failed ('127.0.0.1', 6379), [Errno 99] Cannot assign requested address", "severity": "INFO", "module": "retry", "funcName": "call_with_retries", "lineno": 57, "ts": "2026-07-19T08:16:42.994705+00:00"}
{"message": "Retry attempt 3 due to error: Multiple exceptions: [Errno 111] Connect call failed ('127.0.0.1', 6379), [Errno 99] Cannot assign requested address", "severity": "INFO", "module": "retry", "funcName": "call_with_retries", "lineno": 57, "ts": "2026-07-19T08:16:43.005241+00:00"}
{"message": "Rate limit check could not complete, redis issue?", "severity": "ERROR", "module": "rate_limit", "funcName": "hit", "lineno": 68, "exc_info": "Traceback (most recent call last):\n  File \"/home/openhands/.cache/pypoetry/virtualenvs/enterprise-server-HD3KviQY-py3.13/lib/python3.13/site-packages/coredis/connection.py\", line 287, in connect\n    await self._connect()\n  File \"/home/openhands/.cache/pypoetry/virtualenvs/enterprise-server-HD3KviQY-py3.13/lib/python3.13/site-packages/coredis/connection.py\", line 781, in _connect\n    transport, _ = await connection\n                   ^^^^^^^^^^^^^^^^\n  File \"/usr/local/lib/python3.13/asyncio/base_events.py\", line 1179, in create_connection\n    raise OSError('Multiple exceptions: {}'.format(\n        ', '.join(str(exc) for exc in exceptions)))\nOSError: Multiple exceptions: [Errno 111] Connect call failed ('127.0.0.1', 6379), [Errno 99] Cannot assign requested address\n\nThe above exception was the direct cause of the following exception:\n\nTraceback (most recent call last):\n  File \"/workspace/project/OpenHands/enterprise/server/rate_limit.py\", line 66, in hit\n    allowed = await self.strategy.hit(lim, namespace, key)\n              ^^^^^^^^^^^^^^^^^^^^^^^^^^^^^^^^^^^^^^^^^^^^\n  File \"/home/openhands/.cache/pypoetry/virtualenvs/enterprise-server-HD3KviQY-py3.13/lib/python3.13/site-packages/limits/aio/strategies.py\", line 160, in hit\n    await self.storage.incr(\n    ...<3 lines>...\n    )\n  File \"/home/openhands/.cache/pypoetry/virtualenvs/enterprise-server-HD3KviQY-py3.13/lib/python3.13/site-packages/limits/aio/storage/base.py\", line 28, in inner\n    return await fn(*args, **kwargs)\n           ^^^^^^^^^^^^^^^^^^^^^^^^^\n  File \"/home/openhands/.cache/pypoetry/virtualenvs/enterprise-server-HD3KviQY-py3.13/lib/python3.13/site-packages/limits/aio/storage/redis/__init__.py\", line 163, in incr\n    return await self.bridge.incr(key, expiry, amount)\n           ^^^^^^^^^^^^^^^^^^^^^^^^^^^^^^^^^^^^^^^^^^^\n  File \"/home/openhands/.cache/pypoetry/virtualenvs/enterprise-server-HD3KviQY-py3.13/lib/python3.13/site-packages/limits/aio/storage/redis/coredis.py\", line 117, in incr\n    if (value := await self.get_connection().incrby(key, amount)) == amount:\n                 ^^^^^^^^^^^^^^^^^^^^^^^^^^^^^^^^^^^^^^^^^^^^^^^\n  File \"/home/openhands/.cache/pypoetry/virtualenvs/enterprise-server-HD3KviQY-py3.13/lib/python3.13/site-packages/coredis/commands/_wrappers.py\", line 206, in wrapped\n    async with command_cache(callable, *args, **kwargs) as response:\n               ~~~~~~~~~~~~~^^^^^^^^^^^^^^^^^^^^^^^^^^^\n  File \"/usr/local/lib/python3.13/contextlib.py\", line 214, in __aenter__\n    return await anext(self.gen)\n           ^^^^^^^^^^^^^^^^^^^^^\n  File \"/home/openhands/.cache/pypoetry/virtualenvs/enterprise-server-HD3KviQY-py3.13/lib/python3.13/site-packages/coredis/commands/_wrappers.py\", line 103, in __call__\n    yield await func(*args, **kwargs)\n          ^^^^^^^^^^^^^^^^^^^^^^^^^^^\n  File \"/home/openhands/.cache/pypoetry/virtualenvs/enterprise-server-HD3KviQY-py3.13/lib/python3.13/site-packages/coredis/commands/core.py\", line 349, in incrby\n    return await self.execute_command(\n           ^^^^^^^^^^^^^^^^^^^^^^^^^^^\n        CommandName.INCRBY, key, increment, callback=IntCallback()\n        ^^^^^^^^^^^^^^^^^^^^^^^^^^^^^^^^^^^^^^^^^^^^^^^^^^^^^^^^^^\n    )\n    ^\n  File \"/home/openhands/.cache/pypoetry/virtualenvs/enterprise-server-HD3KviQY-py3.13/lib/python3.13/site-packages/coredis/client/basic.py\", line 945, in execute_command\n    return await self.retry_policy.call_with_retries(\n           ^^^^^^^^^^^^^^^^^^^^^^^^^^^^^^^^^^^^^^^^^^\n    ...<2 lines>...\n    )\n    ^\n  File \"/home/openhands/.cache/pypoetry/virtualenvs/enterprise-server-HD3KviQY-py3.13/lib/python3.13/site-packages/coredis/retry.py\", line 71, in call_with_retries\n    raise last_error\n  File \"/home/openhands/.cache/pypoetry/virtualenvs/enterprise-server-HD3KviQY-py3.13/lib/python3.13/site-packages/coredis/retry.py\", line 55, in call_with_retries\n    return await func()\n           ^^^^^^^^^^^^\n  File \"/home/openhands/.cache/pypoetry/virtualenvs/enterprise-server-HD3KviQY-py3.13/lib/python3.13/site-packages/coredis/client/basic.py\", line 974, in _execute_command\n    request = await connection.create_request(\n              ^^^^^^^^^^^^^^^^^^^^^^^^^^^^^^^^\n    ...<5 lines>...\n    )\n    ^\n  File \"/home/openhands/.cache/pypoetry/virtualenvs/enterprise-server-HD3KviQY-py3.13/lib/python3.13/site-packages/coredis/connection.py\", line 610, in create_request\n    await self.connect()\n  File \"/home/openhands/.cache/pypoetry/virtualenvs/enterprise-server-HD3KviQY-py3.13/lib/python3.13/site-packages/coredis/connection.py\", line 293, in connect\n    raise ConnectionError(str(err)) from err\ncoredis.exceptions.ConnectionError: Multiple exceptions: [Errno 111] Connect call failed ('127.0.0.1', 6379), [Errno 99] Cannot assign requested address", "ts": "2026-07-19T08:16:43.005317+00:00"}
{"message": "Starting managed LLM API key refresh", "severity": "INFO", "module": "api_keys", "funcName": "refresh_managed_llm_api_key", "lineno": 453, "user_id": "11111111-1111-1111-1111-111111111111", "org_id": "aaaaaaaa-aaaa-aaaa-aaaa-aaaaaaaaaaa1", "ts": "2026-07-19T08:16:43.007141+00:00"}
{"message": "LiteLlmManager:_delete_key_by_alias:key_deleted", "severity": "INFO", "module": "lite_llm_manager", "funcName": "_delete_key_by_alias", "lineno": 1584, "key_alias": "OpenHands Cloud - user 11111111-1111-1111-1111-111111111111 - org aaaaaaaa-aaaa-aaaa-aaaa-aaaaaaaaaaa1", "ts": "2026-07-19T08:16:43.085456+00:00"}
{"message": "LiteLlmManager:_lite_llm_generate_user_team_key:key_created", "severity": "INFO", "module": "lite_llm_manager", "funcName": "_generate_key", "lineno": 1361, "user_id": "11111111-1111-1111-1111-111111111111", "team_id": "aaaaaaaa-aaaa-aaaa-aaaa-aaaaaaaaaaa1", "key_alias": "OpenHands Cloud - user 11111111-1111-1111-1111-111111111111 - org aaaaaaaa-aaaa-aaaa-aaaa-aaaaaaaaaaa1", "ts": "2026-07-19T08:16:43.092435+00:00"}
{"message": "saas_settings_store:rotate_managed_llm_key:rotated", "severity": "INFO", "module": "saas_settings_store", "funcName": "rotate_managed_llm_key", "lineno": 1016, "user_id": "11111111-1111-1111-1111-111111111111", "org_id": "aaaaaaaa-aaaa-aaaa-aaaa-aaaaaaaaaaa1", "ts": "2026-07-19T08:16:43.097429+00:00"}
{"message": "Managed LLM API key refresh completed successfully", "severity": "INFO", "module": "api_keys", "funcName": "refresh_managed_llm_api_key", "lineno": 496, "user_id": "11111111-1111-1111-1111-111111111111", "org_id": "aaaaaaaa-aaaa-aaaa-aaaa-aaaaaaaaaaa1", "ts": "2026-07-19T08:16:43.104120+00:00"}
{"message": "127.0.0.1:<port> - \"POST /api/keys/llm/managed/refresh HTTP/1.1\" 200", "severity": "INFO", "module": "h11_impl", "funcName": "send", "lineno": 480, "ts": "2026-07-19T08:16:43.104614+00:00"}
{"message": "Retry attempt 1 due to error: Multiple exceptions: [Errno 111] Connect call failed ('127.0.0.1', 6379), [Errno 99] Cannot assign requested address", "severity": "INFO", "module": "retry", "funcName": "call_with_retries", "lineno": 57, "ts": "2026-07-19T08:16:43.125698+00:00"}
{"message": "Retry attempt 2 due to error: Multiple exceptions: [Errno 111] Connect call failed ('127.0.0.1', 6379), [Errno 99] Cannot assign requested address", "severity": "INFO", "module": "retry", "funcName": "call_with_retries", "lineno": 57, "ts": "2026-07-19T08:16:43.136305+00:00"}
{"message": "Retry attempt 3 due to error: Multiple exceptions: [Errno 111] Connect call failed ('127.0.0.1', 6379), [Errno 99] Cannot assign requested address", "severity": "INFO", "module": "retry", "funcName": "call_with_retries", "lineno": 57, "ts": "2026-07-19T08:16:43.146883+00:00"}
{"message": "Rate limit check could not complete, redis issue?", "severity": "ERROR", "module": "rate_limit", "funcName": "hit", "lineno": 68, "exc_info": "Traceback (most recent call last):\n  File \"/home/openhands/.cache/pypoetry/virtualenvs/enterprise-server-HD3KviQY-py3.13/lib/python3.13/site-packages/coredis/connection.py\", line 287, in connect\n    await self._connect()\n  File \"/home/openhands/.cache/pypoetry/virtualenvs/enterprise-server-HD3KviQY-py3.13/lib/python3.13/site-packages/coredis/connection.py\", line 781, in _connect\n    transport, _ = await connection\n                   ^^^^^^^^^^^^^^^^\n  File \"/usr/local/lib/python3.13/asyncio/base_events.py\", line 1179, in create_connection\n    raise OSError('Multiple exceptions: {}'.format(\n        ', '.join(str(exc) for exc in exceptions)))\nOSError: Multiple exceptions: [Errno 111] Connect call failed ('127.0.0.1', 6379), [Errno 99] Cannot assign requested address\n\nThe above exception was the direct cause of the following exception:\n\nTraceback (most recent call last):\n  File \"/workspace/project/OpenHands/enterprise/server/rate_limit.py\", line 66, in hit\n    allowed = await self.strategy.hit(lim, namespace, key)\n              ^^^^^^^^^^^^^^^^^^^^^^^^^^^^^^^^^^^^^^^^^^^^\n  File \"/home/openhands/.cache/pypoetry/virtualenvs/enterprise-server-HD3KviQY-py3.13/lib/python3.13/site-packages/limits/aio/strategies.py\", line 160, in hit\n    await self.storage.incr(\n    ...<3 lines>...\n    )\n  File \"/home/openhands/.cache/pypoetry/virtualenvs/enterprise-server-HD3KviQY-py3.13/lib/python3.13/site-packages/limits/aio/storage/base.py\", line 28, in inner\n    return await fn(*args, **kwargs)\n           ^^^^^^^^^^^^^^^^^^^^^^^^^\n  File \"/home/openhands/.cache/pypoetry/virtualenvs/enterprise-server-HD3KviQY-py3.13/lib/python3.13/site-packages/limits/aio/storage/redis/__init__.py\", line 163, in incr\n    return await self.bridge.incr(key, expiry, amount)\n           ^^^^^^^^^^^^^^^^^^^^^^^^^^^^^^^^^^^^^^^^^^^\n  File \"/home/openhands/.cache/pypoetry/virtualenvs/enterprise-server-HD3KviQY-py3.13/lib/python3.13/site-packages/limits/aio/storage/redis/coredis.py\", line 117, in incr\n    if (value := await self.get_connection().incrby(key, amount)) == amount:\n                 ^^^^^^^^^^^^^^^^^^^^^^^^^^^^^^^^^^^^^^^^^^^^^^^\n  File \"/home/openhands/.cache/pypoetry/virtualenvs/enterprise-server-HD3KviQY-py3.13/lib/python3.13/site-packages/coredis/commands/_wrappers.py\", line 206, in wrapped\n    async with command_cache(callable, *args, **kwargs) as response:\n               ~~~~~~~~~~~~~^^^^^^^^^^^^^^^^^^^^^^^^^^^\n  File \"/usr/local/lib/python3.13/contextlib.py\", line 214, in __aenter__\n    return await anext(self.gen)\n           ^^^^^^^^^^^^^^^^^^^^^\n  File \"/home/openhands/.cache/pypoetry/virtualenvs/enterprise-server-HD3KviQY-py3.13/lib/python3.13/site-packages/coredis/commands/_wrappers.py\", line 103, in __call__\n    yield await func(*args, **kwargs)\n          ^^^^^^^^^^^^^^^^^^^^^^^^^^^\n  File \"/home/openhands/.cache/pypoetry/virtualenvs/enterprise-server-HD3KviQY-py3.13/lib/python3.13/site-packages/coredis/commands/core.py\", line 349, in incrby\n    return await self.execute_command(\n           ^^^^^^^^^^^^^^^^^^^^^^^^^^^\n        CommandName.INCRBY, key, increment, callback=IntCallback()\n        ^^^^^^^^^^^^^^^^^^^^^^^^^^^^^^^^^^^^^^^^^^^^^^^^^^^^^^^^^^\n    )\n    ^\n  File \"/home/openhands/.cache/pypoetry/virtualenvs/enterprise-server-HD3KviQY-py3.13/lib/python3.13/site-packages/coredis/client/basic.py\", line 945, in execute_command\n    return await self.retry_policy.call_with_retries(\n           ^^^^^^^^^^^^^^^^^^^^^^^^^^^^^^^^^^^^^^^^^^\n    ...<2 lines>...\n    )\n    ^\n  File \"/home/openhands/.cache/pypoetry/virtualenvs/enterprise-server-HD3KviQY-py3.13/lib/python3.13/site-packages/coredis/retry.py\", line 71, in call_with_retries\n    raise last_error\n  File \"/home/openhands/.cache/pypoetry/virtualenvs/enterprise-server-HD3KviQY-py3.13/lib/python3.13/site-packages/coredis/retry.py\", line 55, in call_with_retries\n    return await func()\n           ^^^^^^^^^^^^\n  File \"/home/openhands/.cache/pypoetry/virtualenvs/enterprise-server-HD3KviQY-py3.13/lib/python3.13/site-packages/coredis/client/basic.py\", line 974, in _execute_command\n    request = await connection.create_request(\n              ^^^^^^^^^^^^^^^^^^^^^^^^^^^^^^^^\n    ...<5 lines>...\n    )\n    ^\n  File \"/home/openhands/.cache/pypoetry/virtualenvs/enterprise-server-HD3KviQY-py3.13/lib/python3.13/site-packages/coredis/connection.py\", line 610, in create_request\n    await self.connect()\n  File \"/home/openhands/.cache/pypoetry/virtualenvs/enterprise-server-HD3KviQY-py3.13/lib/python3.13/site-packages/coredis/connection.py\", line 293, in connect\n    raise ConnectionError(str(err)) from err\ncoredis.exceptions.ConnectionError: Multiple exceptions: [Errno 111] Connect call failed ('127.0.0.1', 6379), [Errno 99] Cannot assign requested address", "ts": "2026-07-19T08:16:43.146970+00:00"}
{"message": "Retry attempt 1 due to error: Multiple exceptions: [Errno 111] Connect call failed ('127.0.0.1', 6379), [Errno 99] Cannot assign requested address", "severity": "INFO", "module": "retry", "funcName": "call_with_retries", "lineno": 57, "ts": "2026-07-19T08:16:43.149229+00:00"}
{"message": "Retry attempt 2 due to error: Multiple exceptions: [Errno 111] Connect call failed ('127.0.0.1', 6379), [Errno 99] Cannot assign requested address", "severity": "INFO", "module": "retry", "funcName": "call_with_retries", "lineno": 57, "ts": "2026-07-19T08:16:43.159784+00:00"}
{"message": "Retry attempt 3 due to error: Multiple exceptions: [Errno 111] Connect call failed ('127.0.0.1', 6379), [Errno 99] Cannot assign requested address", "severity": "INFO", "module": "retry", "funcName": "call_with_retries", "lineno": 57, "ts": "2026-07-19T08:16:43.170335+00:00"}
{"message": "Rate limit check could not complete, redis issue?", "severity": "ERROR", "module": "rate_limit", "funcName": "hit", "lineno": 68, "exc_info": "Traceback (most recent call last):\n  File \"/home/openhands/.cache/pypoetry/virtualenvs/enterprise-server-HD3KviQY-py3.13/lib/python3.13/site-packages/coredis/connection.py\", line 287, in connect\n    await self._connect()\n  File \"/home/openhands/.cache/pypoetry/virtualenvs/enterprise-server-HD3KviQY-py3.13/lib/python3.13/site-packages/coredis/connection.py\", line 781, in _connect\n    transport, _ = await connection\n                   ^^^^^^^^^^^^^^^^\n  File \"/usr/local/lib/python3.13/asyncio/base_events.py\", line 1179, in create_connection\n    raise OSError('Multiple exceptions: {}'.format(\n        ', '.join(str(exc) for exc in exceptions)))\nOSError: Multiple exceptions: [Errno 111] Connect call failed ('127.0.0.1', 6379), [Errno 99] Cannot assign requested address\n\nThe above exception was the direct cause of the following exception:\n\nTraceback (most recent call last):\n  File \"/workspace/project/OpenHands/enterprise/server/rate_limit.py\", line 66, in hit\n    allowed = await self.strategy.hit(lim, namespace, key)\n              ^^^^^^^^^^^^^^^^^^^^^^^^^^^^^^^^^^^^^^^^^^^^\n  File \"/home/openhands/.cache/pypoetry/virtualenvs/enterprise-server-HD3KviQY-py3.13/lib/python3.13/site-packages/limits/aio/strategies.py\", line 160, in hit\n    await self.storage.incr(\n    ...<3 lines>...\n    )\n  File \"/home/openhands/.cache/pypoetry/virtualenvs/enterprise-server-HD3KviQY-py3.13/lib/python3.13/site-packages/limits/aio/storage/base.py\", line 28, in inner\n    return await fn(*args, **kwargs)\n           ^^^^^^^^^^^^^^^^^^^^^^^^^\n  File \"/home/openhands/.cache/pypoetry/virtualenvs/enterprise-server-HD3KviQY-py3.13/lib/python3.13/site-packages/limits/aio/storage/redis/__init__.py\", line 163, in incr\n    return await self.bridge.incr(key, expiry, amount)\n           ^^^^^^^^^^^^^^^^^^^^^^^^^^^^^^^^^^^^^^^^^^^\n  File \"/home/openhands/.cache/pypoetry/virtualenvs/enterprise-server-HD3KviQY-py3.13/lib/python3.13/site-packages/limits/aio/storage/redis/coredis.py\", line 117, in incr\n    if (value := await self.get_connection().incrby(key, amount)) == amount:\n                 ^^^^^^^^^^^^^^^^^^^^^^^^^^^^^^^^^^^^^^^^^^^^^^^\n  File \"/home/openhands/.cache/pypoetry/virtualenvs/enterprise-server-HD3KviQY-py3.13/lib/python3.13/site-packages/coredis/commands/_wrappers.py\", line 206, in wrapped\n    async with command_cache(callable, *args, **kwargs) as response:\n               ~~~~~~~~~~~~~^^^^^^^^^^^^^^^^^^^^^^^^^^^\n  File \"/usr/local/lib/python3.13/contextlib.py\", line 214, in __aenter__\n    return await anext(self.gen)\n           ^^^^^^^^^^^^^^^^^^^^^\n  File \"/home/openhands/.cache/pypoetry/virtualenvs/enterprise-server-HD3KviQY-py3.13/lib/python3.13/site-packages/coredis/commands/_wrappers.py\", line 103, in __call__\n    yield await func(*args, **kwargs)\n          ^^^^^^^^^^^^^^^^^^^^^^^^^^^\n  File \"/home/openhands/.cache/pypoetry/virtualenvs/enterprise-server-HD3KviQY-py3.13/lib/python3.13/site-packages/coredis/commands/core.py\", line 349, in incrby\n    return await self.execute_command(\n           ^^^^^^^^^^^^^^^^^^^^^^^^^^^\n        CommandName.INCRBY, key, increment, callback=IntCallback()\n        ^^^^^^^^^^^^^^^^^^^^^^^^^^^^^^^^^^^^^^^^^^^^^^^^^^^^^^^^^^\n    )\n    ^\n  File \"/home/openhands/.cache/pypoetry/virtualenvs/enterprise-server-HD3KviQY-py3.13/lib/python3.13/site-packages/coredis/client/basic.py\", line 945, in execute_command\n    return await self.retry_policy.call_with_retries(\n           ^^^^^^^^^^^^^^^^^^^^^^^^^^^^^^^^^^^^^^^^^^\n    ...<2 lines>...\n    )\n    ^\n  File \"/home/openhands/.cache/pypoetry/virtualenvs/enterprise-server-HD3KviQY-py3.13/lib/python3.13/site-packages/coredis/retry.py\", line 71, in call_with_retries\n    raise last_error\n  File \"/home/openhands/.cache/pypoetry/virtualenvs/enterprise-server-HD3KviQY-py3.13/lib/python3.13/site-packages/coredis/retry.py\", line 55, in call_with_retries\n    return await func()\n           ^^^^^^^^^^^^\n  File \"/home/openhands/.cache/pypoetry/virtualenvs/enterprise-server-HD3KviQY-py3.13/lib/python3.13/site-packages/coredis/client/basic.py\", line 974, in _execute_command\n    request = await connection.create_request(\n              ^^^^^^^^^^^^^^^^^^^^^^^^^^^^^^^^\n    ...<5 lines>...\n    )\n    ^\n  File \"/home/openhands/.cache/pypoetry/virtualenvs/enterprise-server-HD3KviQY-py3.13/lib/python3.13/site-packages/coredis/connection.py\", line 610, in create_request\n    await self.connect()\n  File \"/home/openhands/.cache/pypoetry/virtualenvs/enterprise-server-HD3KviQY-py3.13/lib/python3.13/site-packages/coredis/connection.py\", line 293, in connect\n    raise ConnectionError(str(err)) from err\ncoredis.exceptions.ConnectionError: Multiple exceptions: [Errno 111] Connect call failed ('127.0.0.1', 6379), [Errno 99] Cannot assign requested address", "ts": "2026-07-19T08:16:43.170408+00:00"}
{"message": "127.0.0.1:<port> - \"POST /api/v1/app-conversations HTTP/1.1\" 200", "severity": "INFO", "module": "h11_impl", "funcName": "send", "lineno": 480, "ts": "2026-07-19T08:16:43.197033+00:00"}
{"message": "Retry attempt 1 due to error: Multiple exceptions: [Errno 111] Connect call failed ('127.0.0.1', 6379), [Errno 99] Cannot assign requested address", "severity": "INFO", "module": "retry", "funcName": "call_with_retries", "lineno": 57, "ts": "2026-07-19T08:16:43.216166+00:00"}
{"message": "Retry attempt 2 due to error: Multiple exceptions: [Errno 111] Connect call failed ('127.0.0.1', 6379), [Errno 99] Cannot assign requested address", "severity": "INFO", "module": "retry", "funcName": "call_with_retries", "lineno": 57, "ts": "2026-07-19T08:16:43.227555+00:00"}
{"message": "Assigned sandbox sandbox-live-evidence to conversation unknown", "severity": "INFO", "module": "live_status_app_conversation_service", "funcName": "_wait_for_sandbox_start", "lineno": 976, "ts": "2026-07-19T08:16:43.232928+00:00"}
{"message": "Retry attempt 3 due to error: Multiple exceptions: [Errno 111] Connect call failed ('127.0.0.1', 6379), [Errno 99] Cannot assign requested address", "severity": "INFO", "module": "retry", "funcName": "call_with_retries", "lineno": 57, "ts": "2026-07-19T08:16:43.238369+00:00"}
{"message": "Rate limit check could not complete, redis issue?", "severity": "ERROR", "module": "rate_limit", "funcName": "hit", "lineno": 68, "exc_info": "Traceback (most recent call last):\n  File \"/home/openhands/.cache/pypoetry/virtualenvs/enterprise-server-HD3KviQY-py3.13/lib/python3.13/site-packages/coredis/connection.py\", line 287, in connect\n    await self._connect()\n  File \"/home/openhands/.cache/pypoetry/virtualenvs/enterprise-server-HD3KviQY-py3.13/lib/python3.13/site-packages/coredis/connection.py\", line 781, in _connect\n    transport, _ = await connection\n                   ^^^^^^^^^^^^^^^^\n  File \"/usr/local/lib/python3.13/asyncio/base_events.py\", line 1179, in create_connection\n    raise OSError('Multiple exceptions: {}'.format(\n        ', '.join(str(exc) for exc in exceptions)))\nOSError: Multiple exceptions: [Errno 111] Connect call failed ('127.0.0.1', 6379), [Errno 99] Cannot assign requested address\n\nThe above exception was the direct cause of the following exception:\n\nTraceback (most recent call last):\n  File \"/workspace/project/OpenHands/enterprise/server/rate_limit.py\", line 66, in hit\n    allowed = await self.strategy.hit(lim, namespace, key)\n              ^^^^^^^^^^^^^^^^^^^^^^^^^^^^^^^^^^^^^^^^^^^^\n  File \"/home/openhands/.cache/pypoetry/virtualenvs/enterprise-server-HD3KviQY-py3.13/lib/python3.13/site-packages/limits/aio/strategies.py\", line 160, in hit\n    await self.storage.incr(\n    ...<3 lines>...\n    )\n  File \"/home/openhands/.cache/pypoetry/virtualenvs/enterprise-server-HD3KviQY-py3.13/lib/python3.13/site-packages/limits/aio/storage/base.py\", line 28, in inner\n    return await fn(*args, **kwargs)\n           ^^^^^^^^^^^^^^^^^^^^^^^^^\n  File \"/home/openhands/.cache/pypoetry/virtualenvs/enterprise-server-HD3KviQY-py3.13/lib/python3.13/site-packages/limits/aio/storage/redis/__init__.py\", line 163, in incr\n    return await self.bridge.incr(key, expiry, amount)\n           ^^^^^^^^^^^^^^^^^^^^^^^^^^^^^^^^^^^^^^^^^^^\n  File \"/home/openhands/.cache/pypoetry/virtualenvs/enterprise-server-HD3KviQY-py3.13/lib/python3.13/site-packages/limits/aio/storage/redis/coredis.py\", line 117, in incr\n    if (value := await self.get_connection().incrby(key, amount)) == amount:\n                 ^^^^^^^^^^^^^^^^^^^^^^^^^^^^^^^^^^^^^^^^^^^^^^^\n  File \"/home/openhands/.cache/pypoetry/virtualenvs/enterprise-server-HD3KviQY-py3.13/lib/python3.13/site-packages/coredis/commands/_wrappers.py\", line 206, in wrapped\n    async with command_cache(callable, *args, **kwargs) as response:\n               ~~~~~~~~~~~~~^^^^^^^^^^^^^^^^^^^^^^^^^^^\n  File \"/usr/local/lib/python3.13/contextlib.py\", line 214, in __aenter__\n    return await anext(self.gen)\n           ^^^^^^^^^^^^^^^^^^^^^\n  File \"/home/openhands/.cache/pypoetry/virtualenvs/enterprise-server-HD3KviQY-py3.13/lib/python3.13/site-packages/coredis/commands/_wrappers.py\", line 103, in __call__\n    yield await func(*args, **kwargs)\n          ^^^^^^^^^^^^^^^^^^^^^^^^^^^\n  File \"/home/openhands/.cache/pypoetry/virtualenvs/enterprise-server-HD3KviQY-py3.13/lib/python3.13/site-packages/coredis/commands/core.py\", line 349, in incrby\n    return await self.execute_command(\n           ^^^^^^^^^^^^^^^^^^^^^^^^^^^\n        CommandName.INCRBY, key, increment, callback=IntCallback()\n        ^^^^^^^^^^^^^^^^^^^^^^^^^^^^^^^^^^^^^^^^^^^^^^^^^^^^^^^^^^\n    )\n    ^\n  File \"/home/openhands/.cache/pypoetry/virtualenvs/enterprise-server-HD3KviQY-py3.13/lib/python3.13/site-packages/coredis/client/basic.py\", line 945, in execute_command\n    return await self.retry_policy.call_with_retries(\n           ^^^^^^^^^^^^^^^^^^^^^^^^^^^^^^^^^^^^^^^^^^\n    ...<2 lines>...\n    )\n    ^\n  File \"/home/openhands/.cache/pypoetry/virtualenvs/enterprise-server-HD3KviQY-py3.13/lib/python3.13/site-packages/coredis/retry.py\", line 71, in call_with_retries\n    raise last_error\n  File \"/home/openhands/.cache/pypoetry/virtualenvs/enterprise-server-HD3KviQY-py3.13/lib/python3.13/site-packages/coredis/retry.py\", line 55, in call_with_retries\n    return await func()\n           ^^^^^^^^^^^^\n  File \"/home/openhands/.cache/pypoetry/virtualenvs/enterprise-server-HD3KviQY-py3.13/lib/python3.13/site-packages/coredis/client/basic.py\", line 974, in _execute_command\n    request = await connection.create_request(\n              ^^^^^^^^^^^^^^^^^^^^^^^^^^^^^^^^\n    ...<5 lines>...\n    )\n    ^\n  File \"/home/openhands/.cache/pypoetry/virtualenvs/enterprise-server-HD3KviQY-py3.13/lib/python3.13/site-packages/coredis/connection.py\", line 610, in create_request\n    await self.connect()\n  File \"/home/openhands/.cache/pypoetry/virtualenvs/enterprise-server-HD3KviQY-py3.13/lib/python3.13/site-packages/coredis/connection.py\", line 293, in connect\n    raise ConnectionError(str(err)) from err\ncoredis.exceptions.ConnectionError: Multiple exceptions: [Errno 111] Connect call failed ('127.0.0.1', 6379), [Errno 99] Cannot assign requested address", "ts": "2026-07-19T08:16:43.238448+00:00"}
{"message": "Retry attempt 1 due to error: Multiple exceptions: [Errno 111] Connect call failed ('127.0.0.1', 6379), [Errno 99] Cannot assign requested address", "severity": "INFO", "module": "retry", "funcName": "call_with_retries", "lineno": 57, "ts": "2026-07-19T08:16:43.241221+00:00"}
{"message": "Retry attempt 2 due to error: Multiple exceptions: [Errno 111] Connect call failed ('127.0.0.1', 6379), [Errno 99] Cannot assign requested address", "severity": "INFO", "module": "retry", "funcName": "call_with_retries", "lineno": 57, "ts": "2026-07-19T08:16:43.256369+00:00"}
{"message": "Retry attempt 3 due to error: Multiple exceptions: [Errno 111] Connect call failed ('127.0.0.1', 6379), [Errno 99] Cannot assign requested address", "severity": "INFO", "module": "retry", "funcName": "call_with_retries", "lineno": 57, "ts": "2026-07-19T08:16:43.267121+00:00"}
{"message": "Rate limit check could not complete, redis issue?", "severity": "ERROR", "module": "rate_limit", "funcName": "hit", "lineno": 68, "exc_info": "Traceback (most recent call last):\n  File \"/home/openhands/.cache/pypoetry/virtualenvs/enterprise-server-HD3KviQY-py3.13/lib/python3.13/site-packages/coredis/connection.py\", line 287, in connect\n    await self._connect()\n  File \"/home/openhands/.cache/pypoetry/virtualenvs/enterprise-server-HD3KviQY-py3.13/lib/python3.13/site-packages/coredis/connection.py\", line 781, in _connect\n    transport, _ = await connection\n                   ^^^^^^^^^^^^^^^^\n  File \"/usr/local/lib/python3.13/asyncio/base_events.py\", line 1179, in create_connection\n    raise OSError('Multiple exceptions: {}'.format(\n        ', '.join(str(exc) for exc in exceptions)))\nOSError: Multiple exceptions: [Errno 111] Connect call failed ('127.0.0.1', 6379), [Errno 99] Cannot assign requested address\n\nThe above exception was the direct cause of the following exception:\n\nTraceback (most recent call last):\n  File \"/workspace/project/OpenHands/enterprise/server/rate_limit.py\", line 66, in hit\n    allowed = await self.strategy.hit(lim, namespace, key)\n              ^^^^^^^^^^^^^^^^^^^^^^^^^^^^^^^^^^^^^^^^^^^^\n  File \"/home/openhands/.cache/pypoetry/virtualenvs/enterprise-server-HD3KviQY-py3.13/lib/python3.13/site-packages/limits/aio/strategies.py\", line 160, in hit\n    await self.storage.incr(\n    ...<3 lines>...\n    )\n  File \"/home/openhands/.cache/pypoetry/virtualenvs/enterprise-server-HD3KviQY-py3.13/lib/python3.13/site-packages/limits/aio/storage/base.py\", line 28, in inner\n    return await fn(*args, **kwargs)\n           ^^^^^^^^^^^^^^^^^^^^^^^^^\n  File \"/home/openhands/.cache/pypoetry/virtualenvs/enterprise-server-HD3KviQY-py3.13/lib/python3.13/site-packages/limits/aio/storage/redis/__init__.py\", line 163, in incr\n    return await self.bridge.incr(key, expiry, amount)\n           ^^^^^^^^^^^^^^^^^^^^^^^^^^^^^^^^^^^^^^^^^^^\n  File \"/home/openhands/.cache/pypoetry/virtualenvs/enterprise-server-HD3KviQY-py3.13/lib/python3.13/site-packages/limits/aio/storage/redis/coredis.py\", line 117, in incr\n    if (value := await self.get_connection().incrby(key, amount)) == amount:\n                 ^^^^^^^^^^^^^^^^^^^^^^^^^^^^^^^^^^^^^^^^^^^^^^^\n  File \"/home/openhands/.cache/pypoetry/virtualenvs/enterprise-server-HD3KviQY-py3.13/lib/python3.13/site-packages/coredis/commands/_wrappers.py\", line 206, in wrapped\n    async with command_cache(callable, *args, **kwargs) as response:\n               ~~~~~~~~~~~~~^^^^^^^^^^^^^^^^^^^^^^^^^^^\n  File \"/usr/local/lib/python3.13/contextlib.py\", line 214, in __aenter__\n    return await anext(self.gen)\n           ^^^^^^^^^^^^^^^^^^^^^\n  File \"/home/openhands/.cache/pypoetry/virtualenvs/enterprise-server-HD3KviQY-py3.13/lib/python3.13/site-packages/coredis/commands/_wrappers.py\", line 103, in __call__\n    yield await func(*args, **kwargs)\n          ^^^^^^^^^^^^^^^^^^^^^^^^^^^\n  File \"/home/openhands/.cache/pypoetry/virtualenvs/enterprise-server-HD3KviQY-py3.13/lib/python3.13/site-packages/coredis/commands/core.py\", line 349, in incrby\n    return await self.execute_command(\n           ^^^^^^^^^^^^^^^^^^^^^^^^^^^\n        CommandName.INCRBY, key, increment, callback=IntCallback()\n        ^^^^^^^^^^^^^^^^^^^^^^^^^^^^^^^^^^^^^^^^^^^^^^^^^^^^^^^^^^\n    )\n    ^\n  File \"/home/openhands/.cache/pypoetry/virtualenvs/enterprise-server-HD3KviQY-py3.13/lib/python3.13/site-packages/coredis/client/basic.py\", line 945, in execute_command\n    return await self.retry_policy.call_with_retries(\n           ^^^^^^^^^^^^^^^^^^^^^^^^^^^^^^^^^^^^^^^^^^\n    ...<2 lines>...\n    )\n    ^\n  File \"/home/openhands/.cache/pypoetry/virtualenvs/enterprise-server-HD3KviQY-py3.13/lib/python3.13/site-packages/coredis/retry.py\", line 71, in call_with_retries\n    raise last_error\n  File \"/home/openhands/.cache/pypoetry/virtualenvs/enterprise-server-HD3KviQY-py3.13/lib/python3.13/site-packages/coredis/retry.py\", line 55, in call_with_retries\n    return await func()\n           ^^^^^^^^^^^^\n  File \"/home/openhands/.cache/pypoetry/virtualenvs/enterprise-server-HD3KviQY-py3.13/lib/python3.13/site-packages/coredis/client/basic.py\", line 974, in _execute_command\n    request = await connection.create_request(\n              ^^^^^^^^^^^^^^^^^^^^^^^^^^^^^^^^\n    ...<5 lines>...\n    )\n    ^\n  File \"/home/openhands/.cache/pypoetry/virtualenvs/enterprise-server-HD3KviQY-py3.13/lib/python3.13/site-packages/coredis/connection.py\", line 610, in create_request\n    await self.connect()\n  File \"/home/openhands/.cache/pypoetry/virtualenvs/enterprise-server-HD3KviQY-py3.13/lib/python3.13/site-packages/coredis/connection.py\", line 293, in connect\n    raise ConnectionError(str(err)) from err\ncoredis.exceptions.ConnectionError: Multiple exceptions: [Errno 111] Connect call failed ('127.0.0.1', 6379), [Errno 99] Cannot assign requested address", "ts": "2026-07-19T08:16:43.267200+00:00"}
{"message": "127.0.0.1:<port> - \"GET /api/v1/app-conversations/start-tasks?ids=dcdd32a63a594141aac8a2da240eb6d3 HTTP/1.1\" 200", "severity": "INFO", "module": "h11_impl", "funcName": "send", "lineno": 480, "ts": "2026-07-19T08:16:43.273122+00:00"}
{"message": "Remote file download failed: Client error '404 Not Found' for url 'http://127.0.0.1:<port>/api/file/download?path=.git%2Fhooks%2Fpre-commit'\nFor more information check: https://developer.mozilla.org/en-US/docs/Web/HTTP/Status/404", "severity": "ERROR", "module": "remote_workspace_mixin", "funcName": "_file_download_generator", "lineno": 310, "ts": "2026-07-19T08:16:43.282195+00:00"}
{"message": "Remote file upload failed: Client error '404 Not Found' for url 'http://127.0.0.1:<port>/api/file/upload?path=.git%2Fhooks%2Fpre-commit'\nFor more information check: https://developer.mozilla.org/en-US/docs/Web/HTTP/Status/404", "severity": "ERROR", "module": "remote_workspace_mixin", "funcName": "_file_upload_generator", "lineno": 254, "ts": "2026-07-19T08:16:43.283582+00:00"}
{"message": "Git pre-commit hook installed successfully", "severity": "INFO", "module": "app_conversation_service_base", "funcName": "maybe_setup_git_hooks", "lineno": 612, "ts": "2026-07-19T08:16:43.285936+00:00"}
{"message": "Created system API key", "severity": "INFO", "module": "api_key_store", "funcName": "get_or_create_system_api_key", "lineno": 234, "user_id": "22222222-2222-2222-2222-222222222222", "org_id": "aaaaaaaa-aaaa-aaaa-aaaa-aaaaaaaaaaa2", "key_name": "__SYSTEM__:OPENHANDS_API_KEY", "ts": "2026-07-19T08:16:43.303282+00:00"}
{"message": "Loaded 0 skills from agent-server: sources={}, names=[]", "severity": "INFO", "module": "skill_loader", "funcName": "load_skills_from_agent_server", "lineno": 599, "ts": "2026-07-19T08:16:43.315242+00:00"}
{"message": "Loaded 0 total skills from agent-server: []", "severity": "INFO", "module": "app_conversation_service_base", "funcName": "load_and_merge_all_skills", "lineno": 167, "ts": "2026-07-19T08:16:43.315329+00:00"}
{"message": "app_conversation_start:building_start_request", "severity": "INFO", "module": "live_status_app_conversation_service", "funcName": "_start_app_conversation", "lineno": 486, "user_id": "22222222-2222-2222-2222-222222222222", "task_id": "dcdd32a6-3a59-4141-aac8-a2da240eb6d3", "conversation_id": "34e5d92c-90dc-466d-87a7-f2f3be25357c", "agent_type": "default", "llm_model_override": null, "ts": "2026-07-19T08:16:43.315395+00:00"}
{"message": "managed_llm_key_refresh:build_request_context", "severity": "INFO", "module": "live_status_app_conversation_service", "funcName": "_build_start_conversation_request_for_user", "lineno": 1940, "user_id": "22222222-2222-2222-2222-222222222222", "conversation_id": "34e5d92c-90dc-466d-87a7-f2f3be25357c", "agent_settings_type": "OpenHandsAgentSettings", "model": "litellm_proxy/minimax-m2.7", "base_url": "http://127.0.0.1:<port>", "has_api_key": true, "ts": "2026-07-19T08:16:43.324332+00:00"}
{"message": "managed_llm_key_refresh:configured_llm", "severity": "INFO", "module": "live_status_app_conversation_service", "funcName": "_configure_llm_and_mcp", "lineno": 1575, "user_id": "22222222-2222-2222-2222-222222222222", "conversation_id": "34e5d92c-90dc-466d-87a7-f2f3be25357c", "model": "litellm_proxy/minimax-m2.7", "base_url": "http://127.0.0.1:<port>", "has_api_key": true, "llm_model_override": null, "ts": "2026-07-19T08:16:43.331243+00:00"}
{"message": "managed_llm_key_refresh:evaluate", "severity": "INFO", "module": "live_status_app_conversation_service", "funcName": "_maybe_refresh_managed_llm_key", "lineno": 1309, "app_mode": "saas", "user_id": "22222222-2222-2222-2222-222222222222", "model": "litellm_proxy/minimax-m2.7", "base_url": "http://127.0.0.1:<port>", "has_api_key": true, "ts": "2026-07-19T08:16:43.331314+00:00"}
{"message": "managed_llm_key_refresh:checking_current_key", "severity": "INFO", "module": "live_status_app_conversation_service", "funcName": "_maybe_refresh_managed_llm_key", "lineno": 1411, "user_id": "22222222-2222-2222-2222-222222222222", "org_id": "aaaaaaaa-aaaa-aaaa-aaaa-aaaaaaaaaaa2", "model": "litellm_proxy/minimax-m2.7", "base_url": "http://127.0.0.1:<port>", "uses_openhands_provider_proxy": false, "ts": "2026-07-19T08:16:43.331383+00:00"}
{"message": "Key verification failed - treating as invalid", "severity": "WARNING", "module": "lite_llm_manager", "funcName": "verify_key", "lineno": 1410, "user_id": "22222222-2222-2222-2222-222222222222", "status_code": 401, "key_prefix": "<redacted-local-llm-key>...", "ts": "2026-07-19T08:16:43.350015+00:00"}
{"message": "managed_llm_key_refresh:stale_key_detected", "severity": "INFO", "module": "live_status_app_conversation_service", "funcName": "_maybe_refresh_managed_llm_key", "lineno": 1458, "user_id": "22222222-2222-2222-2222-222222222222", "org_id": "aaaaaaaa-aaaa-aaaa-aaaa-aaaaaaaaaaa2", "model": "litellm_proxy/minimax-m2.7", "ts": "2026-07-19T08:16:43.350194+00:00"}
{"message": "LiteLlmManager:_delete_key_by_alias:key_deleted", "severity": "INFO", "module": "lite_llm_manager", "funcName": "_delete_key_by_alias", "lineno": 1584, "key_alias": "OpenHands Cloud - user 22222222-2222-2222-2222-222222222222 - org aaaaaaaa-aaaa-aaaa-aaaa-aaaaaaaaaaa2", "ts": "2026-07-19T08:16:43.366745+00:00"}
{"message": "LiteLlmManager:_lite_llm_generate_user_team_key:key_created", "severity": "INFO", "module": "lite_llm_manager", "funcName": "_generate_key", "lineno": 1361, "user_id": "22222222-2222-2222-2222-222222222222", "team_id": "aaaaaaaa-aaaa-aaaa-aaaa-aaaaaaaaaaa2", "key_alias": "OpenHands Cloud - user 22222222-2222-2222-2222-222222222222 - org aaaaaaaa-aaaa-aaaa-aaaa-aaaaaaaaaaa2", "ts": "2026-07-19T08:16:43.374012+00:00"}
{"message": "saas_settings_store:rotate_managed_llm_key:rotated", "severity": "INFO", "module": "saas_settings_store", "funcName": "rotate_managed_llm_key", "lineno": 1016, "user_id": "22222222-2222-2222-2222-222222222222", "org_id": "aaaaaaaa-aaaa-aaaa-aaaa-aaaaaaaaaaa2", "ts": "2026-07-19T08:16:43.378471+00:00"}
{"message": "managed_llm_key_refresh:rotated", "severity": "INFO", "module": "live_status_app_conversation_service", "funcName": "_maybe_refresh_managed_llm_key", "lineno": 1464, "user_id": "22222222-2222-2222-2222-222222222222", "org_id": "aaaaaaaa-aaaa-aaaa-aaaa-aaaaaaaaaaa2", "model": "litellm_proxy/minimax-m2.7", "openhands_type": false, "ts": "2026-07-19T08:16:43.378682+00:00"}
{"message": "Registered file-based agent 'bash-runner' from /home/openhands/.cache/pypoetry/virtualenvs/enterprise-server-HD3KviQY-py3.13/lib/python3.13/site-packages/openhands/tools/preset/subagents/bash_runner.md", "severity": "INFO", "module": "default", "funcName": "register_builtins_agents", "lineno": 148, "ts": "2026-07-19T08:16:43.380148+00:00"}
{"message": "Registered file-based agent 'code-explorer' from /home/openhands/.cache/pypoetry/virtualenvs/enterprise-server-HD3KviQY-py3.13/lib/python3.13/site-packages/openhands/tools/preset/subagents/code_explorer.md", "severity": "INFO", "module": "default", "funcName": "register_builtins_agents", "lineno": 148, "ts": "2026-07-19T08:16:43.380219+00:00"}
{"message": "Registered file-based agent 'general-purpose' from /home/openhands/.cache/pypoetry/virtualenvs/enterprise-server-HD3KviQY-py3.13/lib/python3.13/site-packages/openhands/tools/preset/subagents/default.md", "severity": "INFO", "module": "default", "funcName": "register_builtins_agents", "lineno": 148, "ts": "2026-07-19T08:16:43.380254+00:00"}
{"message": "Registered file-based agent 'web-researcher' from /home/openhands/.cache/pypoetry/virtualenvs/enterprise-server-HD3KviQY-py3.13/lib/python3.13/site-packages/openhands/tools/preset/subagents/web_researcher.md", "severity": "INFO", "module": "default", "funcName": "register_builtins_agents", "lineno": 148, "ts": "2026-07-19T08:16:43.380281+00:00"}
{"message": "Loaded 0 skills from agent-server: sources={}, names=[]", "severity": "INFO", "module": "skill_loader", "funcName": "load_skills_from_agent_server", "lineno": 599, "ts": "2026-07-19T08:16:43.396035+00:00"}
{"message": "Loaded 0 total skills from agent-server: []", "severity": "INFO", "module": "app_conversation_service_base", "funcName": "load_and_merge_all_skills", "lineno": 167, "ts": "2026-07-19T08:16:43.396120+00:00"}
{"message": "task_id=task-dcdd32a63a594141aac8a2da240eb6d3 conversation_id=34e5d92c-90dc-466d-87a7-f2f3be25357c", "severity": "INFO", "module": "live_status_app_conversation_service", "funcName": "_process_pending_messages", "lineno": 2479, "ts": "2026-07-19T08:16:43.434177+00:00"}
{"message": "updated_count=0 ", "severity": "INFO", "module": "live_status_app_conversation_service", "funcName": "_process_pending_messages", "lineno": 2486, "ts": "2026-07-19T08:16:43.435967+00:00"}
{"message": "Retry attempt 1 due to error: Multiple exceptions: [Errno 111] Connect call failed ('127.0.0.1', 6379), [Errno 99] Cannot assign requested address", "severity": "INFO", "module": "retry", "funcName": "call_with_retries", "lineno": 57, "ts": "2026-07-19T08:16:43.788513+00:00"}
{"message": "Retry attempt 2 due to error: Multiple exceptions: [Errno 111] Connect call failed ('127.0.0.1', 6379), [Errno 99] Cannot assign requested address", "severity": "INFO", "module": "retry", "funcName": "call_with_retries", "lineno": 57, "ts": "2026-07-19T08:16:43.799227+00:00"}
{"message": "Retry attempt 3 due to error: Multiple exceptions: [Errno 111] Connect call failed ('127.0.0.1', 6379), [Errno 99] Cannot assign requested address", "severity": "INFO", "module": "retry", "funcName": "call_with_retries", "lineno": 57, "ts": "2026-07-19T08:16:43.809769+00:00"}
{"message": "Rate limit check could not complete, redis issue?", "severity": "ERROR", "module": "rate_limit", "funcName": "hit", "lineno": 68, "exc_info": "Traceback (most recent call last):\n  File \"/home/openhands/.cache/pypoetry/virtualenvs/enterprise-server-HD3KviQY-py3.13/lib/python3.13/site-packages/coredis/connection.py\", line 287, in connect\n    await self._connect()\n  File \"/home/openhands/.cache/pypoetry/virtualenvs/enterprise-server-HD3KviQY-py3.13/lib/python3.13/site-packages/coredis/connection.py\", line 781, in _connect\n    transport, _ = await connection\n                   ^^^^^^^^^^^^^^^^\n  File \"/usr/local/lib/python3.13/asyncio/base_events.py\", line 1179, in create_connection\n    raise OSError('Multiple exceptions: {}'.format(\n        ', '.join(str(exc) for exc in exceptions)))\nOSError: Multiple exceptions: [Errno 111] Connect call failed ('127.0.0.1', 6379), [Errno 99] Cannot assign requested address\n\nThe above exception was the direct cause of the following exception:\n\nTraceback (most recent call last):\n  File \"/workspace/project/OpenHands/enterprise/server/rate_limit.py\", line 66, in hit\n    allowed = await self.strategy.hit(lim, namespace, key)\n              ^^^^^^^^^^^^^^^^^^^^^^^^^^^^^^^^^^^^^^^^^^^^\n  File \"/home/openhands/.cache/pypoetry/virtualenvs/enterprise-server-HD3KviQY-py3.13/lib/python3.13/site-packages/limits/aio/strategies.py\", line 160, in hit\n    await self.storage.incr(\n    ...<3 lines>...\n    )\n  File \"/home/openhands/.cache/pypoetry/virtualenvs/enterprise-server-HD3KviQY-py3.13/lib/python3.13/site-packages/limits/aio/storage/base.py\", line 28, in inner\n    return await fn(*args, **kwargs)\n           ^^^^^^^^^^^^^^^^^^^^^^^^^\n  File \"/home/openhands/.cache/pypoetry/virtualenvs/enterprise-server-HD3KviQY-py3.13/lib/python3.13/site-packages/limits/aio/storage/redis/__init__.py\", line 163, in incr\n    return await self.bridge.incr(key, expiry, amount)\n           ^^^^^^^^^^^^^^^^^^^^^^^^^^^^^^^^^^^^^^^^^^^\n  File \"/home/openhands/.cache/pypoetry/virtualenvs/enterprise-server-HD3KviQY-py3.13/lib/python3.13/site-packages/limits/aio/storage/redis/coredis.py\", line 117, in incr\n    if (value := await self.get_connection().incrby(key, amount)) == amount:\n                 ^^^^^^^^^^^^^^^^^^^^^^^^^^^^^^^^^^^^^^^^^^^^^^^\n  File \"/home/openhands/.cache/pypoetry/virtualenvs/enterprise-server-HD3KviQY-py3.13/lib/python3.13/site-packages/coredis/commands/_wrappers.py\", line 206, in wrapped\n    async with command_cache(callable, *args, **kwargs) as response:\n               ~~~~~~~~~~~~~^^^^^^^^^^^^^^^^^^^^^^^^^^^\n  File \"/usr/local/lib/python3.13/contextlib.py\", line 214, in __aenter__\n    return await anext(self.gen)\n           ^^^^^^^^^^^^^^^^^^^^^\n  File \"/home/openhands/.cache/pypoetry/virtualenvs/enterprise-server-HD3KviQY-py3.13/lib/python3.13/site-packages/coredis/commands/_wrappers.py\", line 103, in __call__\n    yield await func(*args, **kwargs)\n          ^^^^^^^^^^^^^^^^^^^^^^^^^^^\n  File \"/home/openhands/.cache/pypoetry/virtualenvs/enterprise-server-HD3KviQY-py3.13/lib/python3.13/site-packages/coredis/commands/core.py\", line 349, in incrby\n    return await self.execute_command(\n           ^^^^^^^^^^^^^^^^^^^^^^^^^^^\n        CommandName.INCRBY, key, increment, callback=IntCallback()\n        ^^^^^^^^^^^^^^^^^^^^^^^^^^^^^^^^^^^^^^^^^^^^^^^^^^^^^^^^^^\n    )\n    ^\n  File \"/home/openhands/.cache/pypoetry/virtualenvs/enterprise-server-HD3KviQY-py3.13/lib/python3.13/site-packages/coredis/client/basic.py\", line 945, in execute_command\n    return await self.retry_policy.call_with_retries(\n           ^^^^^^^^^^^^^^^^^^^^^^^^^^^^^^^^^^^^^^^^^^\n    ...<2 lines>...\n    )\n    ^\n  File \"/home/openhands/.cache/pypoetry/virtualenvs/enterprise-server-HD3KviQY-py3.13/lib/python3.13/site-packages/coredis/retry.py\", line 71, in call_with_retries\n    raise last_error\n  File \"/home/openhands/.cache/pypoetry/virtualenvs/enterprise-server-HD3KviQY-py3.13/lib/python3.13/site-packages/coredis/retry.py\", line 55, in call_with_retries\n    return await func()\n           ^^^^^^^^^^^^\n  File \"/home/openhands/.cache/pypoetry/virtualenvs/enterprise-server-HD3KviQY-py3.13/lib/python3.13/site-packages/coredis/client/basic.py\", line 974, in _execute_command\n    request = await connection.create_request(\n              ^^^^^^^^^^^^^^^^^^^^^^^^^^^^^^^^\n    ...<5 lines>...\n    )\n    ^\n  File \"/home/openhands/.cache/pypoetry/virtualenvs/enterprise-server-HD3KviQY-py3.13/lib/python3.13/site-packages/coredis/connection.py\", line 610, in create_request\n    await self.connect()\n  File \"/home/openhands/.cache/pypoetry/virtualenvs/enterprise-server-HD3KviQY-py3.13/lib/python3.13/site-packages/coredis/connection.py\", line 293, in connect\n    raise ConnectionError(str(err)) from err\ncoredis.exceptions.ConnectionError: Multiple exceptions: [Errno 111] Connect call failed ('127.0.0.1', 6379), [Errno 99] Cannot assign requested address", "ts": "2026-07-19T08:16:43.809848+00:00"}
{"message": "Retry attempt 1 due to error: Multiple exceptions: [Errno 111] Connect call failed ('127.0.0.1', 6379), [Errno 99] Cannot assign requested address", "severity": "INFO", "module": "retry", "funcName": "call_with_retries", "lineno": 57, "ts": "2026-07-19T08:16:43.812188+00:00"}
{"message": "Retry attempt 2 due to error: Multiple exceptions: [Errno 111] Connect call failed ('127.0.0.1', 6379), [Errno 99] Cannot assign requested address", "severity": "INFO", "module": "retry", "funcName": "call_with_retries", "lineno": 57, "ts": "2026-07-19T08:16:43.822776+00:00"}
{"message": "Retry attempt 3 due to error: Multiple exceptions: [Errno 111] Connect call failed ('127.0.0.1', 6379), [Errno 99] Cannot assign requested address", "severity": "INFO", "module": "retry", "funcName": "call_with_retries", "lineno": 57, "ts": "2026-07-19T08:16:43.833354+00:00"}
{"message": "Rate limit check could not complete, redis issue?", "severity": "ERROR", "module": "rate_limit", "funcName": "hit", "lineno": 68, "exc_info": "Traceback (most recent call last):\n  File \"/home/openhands/.cache/pypoetry/virtualenvs/enterprise-server-HD3KviQY-py3.13/lib/python3.13/site-packages/coredis/connection.py\", line 287, in connect\n    await self._connect()\n  File \"/home/openhands/.cache/pypoetry/virtualenvs/enterprise-server-HD3KviQY-py3.13/lib/python3.13/site-packages/coredis/connection.py\", line 781, in _connect\n    transport, _ = await connection\n                   ^^^^^^^^^^^^^^^^\n  File \"/usr/local/lib/python3.13/asyncio/base_events.py\", line 1179, in create_connection\n    raise OSError('Multiple exceptions: {}'.format(\n        ', '.join(str(exc) for exc in exceptions)))\nOSError: Multiple exceptions: [Errno 111] Connect call failed ('127.0.0.1', 6379), [Errno 99] Cannot assign requested address\n\nThe above exception was the direct cause of the following exception:\n\nTraceback (most recent call last):\n  File \"/workspace/project/OpenHands/enterprise/server/rate_limit.py\", line 66, in hit\n    allowed = await self.strategy.hit(lim, namespace, key)\n              ^^^^^^^^^^^^^^^^^^^^^^^^^^^^^^^^^^^^^^^^^^^^\n  File \"/home/openhands/.cache/pypoetry/virtualenvs/enterprise-server-HD3KviQY-py3.13/lib/python3.13/site-packages/limits/aio/strategies.py\", line 160, in hit\n    await self.storage.incr(\n    ...<3 lines>...\n    )\n  File \"/home/openhands/.cache/pypoetry/virtualenvs/enterprise-server-HD3KviQY-py3.13/lib/python3.13/site-packages/limits/aio/storage/base.py\", line 28, in inner\n    return await fn(*args, **kwargs)\n           ^^^^^^^^^^^^^^^^^^^^^^^^^\n  File \"/home/openhands/.cache/pypoetry/virtualenvs/enterprise-server-HD3KviQY-py3.13/lib/python3.13/site-packages/limits/aio/storage/redis/__init__.py\", line 163, in incr\n    return await self.bridge.incr(key, expiry, amount)\n           ^^^^^^^^^^^^^^^^^^^^^^^^^^^^^^^^^^^^^^^^^^^\n  File \"/home/openhands/.cache/pypoetry/virtualenvs/enterprise-server-HD3KviQY-py3.13/lib/python3.13/site-packages/limits/aio/storage/redis/coredis.py\", line 117, in incr\n    if (value := await self.get_connection().incrby(key, amount)) == amount:\n                 ^^^^^^^^^^^^^^^^^^^^^^^^^^^^^^^^^^^^^^^^^^^^^^^\n  File \"/home/openhands/.cache/pypoetry/virtualenvs/enterprise-server-HD3KviQY-py3.13/lib/python3.13/site-packages/coredis/commands/_wrappers.py\", line 206, in wrapped\n    async with command_cache(callable, *args, **kwargs) as response:\n               ~~~~~~~~~~~~~^^^^^^^^^^^^^^^^^^^^^^^^^^^\n  File \"/usr/local/lib/python3.13/contextlib.py\", line 214, in __aenter__\n    return await anext(self.gen)\n           ^^^^^^^^^^^^^^^^^^^^^\n  File \"/home/openhands/.cache/pypoetry/virtualenvs/enterprise-server-HD3KviQY-py3.13/lib/python3.13/site-packages/coredis/commands/_wrappers.py\", line 103, in __call__\n    yield await func(*args, **kwargs)\n          ^^^^^^^^^^^^^^^^^^^^^^^^^^^\n  File \"/home/openhands/.cache/pypoetry/virtualenvs/enterprise-server-HD3KviQY-py3.13/lib/python3.13/site-packages/coredis/commands/core.py\", line 349, in incrby\n    return await self.execute_command(\n           ^^^^^^^^^^^^^^^^^^^^^^^^^^^\n        CommandName.INCRBY, key, increment, callback=IntCallback()\n        ^^^^^^^^^^^^^^^^^^^^^^^^^^^^^^^^^^^^^^^^^^^^^^^^^^^^^^^^^^\n    )\n    ^\n  File \"/home/openhands/.cache/pypoetry/virtualenvs/enterprise-server-HD3KviQY-py3.13/lib/python3.13/site-packages/coredis/client/basic.py\", line 945, in execute_command\n    return await self.retry_policy.call_with_retries(\n           ^^^^^^^^^^^^^^^^^^^^^^^^^^^^^^^^^^^^^^^^^^\n    ...<2 lines>...\n    )\n    ^\n  File \"/home/openhands/.cache/pypoetry/virtualenvs/enterprise-server-HD3KviQY-py3.13/lib/python3.13/site-packages/coredis/retry.py\", line 71, in call_with_retries\n    raise last_error\n  File \"/home/openhands/.cache/pypoetry/virtualenvs/enterprise-server-HD3KviQY-py3.13/lib/python3.13/site-packages/coredis/retry.py\", line 55, in call_with_retries\n    return await func()\n           ^^^^^^^^^^^^\n  File \"/home/openhands/.cache/pypoetry/virtualenvs/enterprise-server-HD3KviQY-py3.13/lib/python3.13/site-packages/coredis/client/basic.py\", line 974, in _execute_command\n    request = await connection.create_request(\n              ^^^^^^^^^^^^^^^^^^^^^^^^^^^^^^^^\n    ...<5 lines>...\n    )\n    ^\n  File \"/home/openhands/.cache/pypoetry/virtualenvs/enterprise-server-HD3KviQY-py3.13/lib/python3.13/site-packages/coredis/connection.py\", line 610, in create_request\n    await self.connect()\n  File \"/home/openhands/.cache/pypoetry/virtualenvs/enterprise-server-HD3KviQY-py3.13/lib/python3.13/site-packages/coredis/connection.py\", line 293, in connect\n    raise ConnectionError(str(err)) from err\ncoredis.exceptions.ConnectionError: Multiple exceptions: [Errno 111] Connect call failed ('127.0.0.1', 6379), [Errno 99] Cannot assign requested address", "ts": "2026-07-19T08:16:43.833430+00:00"}
{"message": "127.0.0.1:<port> - \"GET /api/v1/app-conversations/start-tasks?ids=dcdd32a63a594141aac8a2da240eb6d3 HTTP/1.1\" 200", "severity": "INFO", "module": "h11_impl", "funcName": "send", "lineno": 480, "ts": "2026-07-19T08:16:43.837346+00:00"}
{"message": "Retry attempt 1 due to error: Multiple exceptions: [Errno 111] Connect call failed ('127.0.0.1', 6379), [Errno 99] Cannot assign requested address", "severity": "INFO", "module": "retry", "funcName": "call_with_retries", "lineno": 57, "ts": "2026-07-19T08:16:43.851352+00:00"}
{"message": "Retry attempt 2 due to error: Multiple exceptions: [Errno 111] Connect call failed ('127.0.0.1', 6379), [Errno 99] Cannot assign requested address", "severity": "INFO", "module": "retry", "funcName": "call_with_retries", "lineno": 57, "ts": "2026-07-19T08:16:43.861953+00:00"}
{"message": "Retry attempt 3 due to error: Multiple exceptions: [Errno 111] Connect call failed ('127.0.0.1', 6379), [Errno 99] Cannot assign requested address", "severity": "INFO", "module": "retry", "funcName": "call_with_retries", "lineno": 57, "ts": "2026-07-19T08:16:43.872510+00:00"}
{"message": "Rate limit check could not complete, redis issue?", "severity": "ERROR", "module": "rate_limit", "funcName": "hit", "lineno": 68, "exc_info": "Traceback (most recent call last):\n  File \"/home/openhands/.cache/pypoetry/virtualenvs/enterprise-server-HD3KviQY-py3.13/lib/python3.13/site-packages/coredis/connection.py\", line 287, in connect\n    await self._connect()\n  File \"/home/openhands/.cache/pypoetry/virtualenvs/enterprise-server-HD3KviQY-py3.13/lib/python3.13/site-packages/coredis/connection.py\", line 781, in _connect\n    transport, _ = await connection\n                   ^^^^^^^^^^^^^^^^\n  File \"/usr/local/lib/python3.13/asyncio/base_events.py\", line 1179, in create_connection\n    raise OSError('Multiple exceptions: {}'.format(\n        ', '.join(str(exc) for exc in exceptions)))\nOSError: Multiple exceptions: [Errno 111] Connect call failed ('127.0.0.1', 6379), [Errno 99] Cannot assign requested address\n\nThe above exception was the direct cause of the following exception:\n\nTraceback (most recent call last):\n  File \"/workspace/project/OpenHands/enterprise/server/rate_limit.py\", line 66, in hit\n    allowed = await self.strategy.hit(lim, namespace, key)\n              ^^^^^^^^^^^^^^^^^^^^^^^^^^^^^^^^^^^^^^^^^^^^\n  File \"/home/openhands/.cache/pypoetry/virtualenvs/enterprise-server-HD3KviQY-py3.13/lib/python3.13/site-packages/limits/aio/strategies.py\", line 160, in hit\n    await self.storage.incr(\n    ...<3 lines>...\n    )\n  File \"/home/openhands/.cache/pypoetry/virtualenvs/enterprise-server-HD3KviQY-py3.13/lib/python3.13/site-packages/limits/aio/storage/base.py\", line 28, in inner\n    return await fn(*args, **kwargs)\n           ^^^^^^^^^^^^^^^^^^^^^^^^^\n  File \"/home/openhands/.cache/pypoetry/virtualenvs/enterprise-server-HD3KviQY-py3.13/lib/python3.13/site-packages/limits/aio/storage/redis/__init__.py\", line 163, in incr\n    return await self.bridge.incr(key, expiry, amount)\n           ^^^^^^^^^^^^^^^^^^^^^^^^^^^^^^^^^^^^^^^^^^^\n  File \"/home/openhands/.cache/pypoetry/virtualenvs/enterprise-server-HD3KviQY-py3.13/lib/python3.13/site-packages/limits/aio/storage/redis/coredis.py\", line 117, in incr\n    if (value := await self.get_connection().incrby(key, amount)) == amount:\n                 ^^^^^^^^^^^^^^^^^^^^^^^^^^^^^^^^^^^^^^^^^^^^^^^\n  File \"/home/openhands/.cache/pypoetry/virtualenvs/enterprise-server-HD3KviQY-py3.13/lib/python3.13/site-packages/coredis/commands/_wrappers.py\", line 206, in wrapped\n    async with command_cache(callable, *args, **kwargs) as response:\n               ~~~~~~~~~~~~~^^^^^^^^^^^^^^^^^^^^^^^^^^^\n  File \"/usr/local/lib/python3.13/contextlib.py\", line 214, in __aenter__\n    return await anext(self.gen)\n           ^^^^^^^^^^^^^^^^^^^^^\n  File \"/home/openhands/.cache/pypoetry/virtualenvs/enterprise-server-HD3KviQY-py3.13/lib/python3.13/site-packages/coredis/commands/_wrappers.py\", line 103, in __call__\n    yield await func(*args, **kwargs)\n          ^^^^^^^^^^^^^^^^^^^^^^^^^^^\n  File \"/home/openhands/.cache/pypoetry/virtualenvs/enterprise-server-HD3KviQY-py3.13/lib/python3.13/site-packages/coredis/commands/core.py\", line 349, in incrby\n    return await self.execute_command(\n           ^^^^^^^^^^^^^^^^^^^^^^^^^^^\n        CommandName.INCRBY, key, increment, callback=IntCallback()\n        ^^^^^^^^^^^^^^^^^^^^^^^^^^^^^^^^^^^^^^^^^^^^^^^^^^^^^^^^^^\n    )\n    ^\n  File \"/home/openhands/.cache/pypoetry/virtualenvs/enterprise-server-HD3KviQY-py3.13/lib/python3.13/site-packages/coredis/client/basic.py\", line 945, in execute_command\n    return await self.retry_policy.call_with_retries(\n           ^^^^^^^^^^^^^^^^^^^^^^^^^^^^^^^^^^^^^^^^^^\n    ...<2 lines>...\n    )\n    ^\n  File \"/home/openhands/.cache/pypoetry/virtualenvs/enterprise-server-HD3KviQY-py3.13/lib/python3.13/site-packages/coredis/retry.py\", line 71, in call_with_retries\n    raise last_error\n  File \"/home/openhands/.cache/pypoetry/virtualenvs/enterprise-server-HD3KviQY-py3.13/lib/python3.13/site-packages/coredis/retry.py\", line 55, in call_with_retries\n    return await func()\n           ^^^^^^^^^^^^\n  File \"/home/openhands/.cache/pypoetry/virtualenvs/enterprise-server-HD3KviQY-py3.13/lib/python3.13/site-packages/coredis/client/basic.py\", line 974, in _execute_command\n    request = await connection.create_request(\n              ^^^^^^^^^^^^^^^^^^^^^^^^^^^^^^^^\n    ...<5 lines>...\n    )\n    ^\n  File \"/home/openhands/.cache/pypoetry/virtualenvs/enterprise-server-HD3KviQY-py3.13/lib/python3.13/site-packages/coredis/connection.py\", line 610, in create_request\n    await self.connect()\n  File \"/home/openhands/.cache/pypoetry/virtualenvs/enterprise-server-HD3KviQY-py3.13/lib/python3.13/site-packages/coredis/connection.py\", line 293, in connect\n    raise ConnectionError(str(err)) from err\ncoredis.exceptions.ConnectionError: Multiple exceptions: [Errno 111] Connect call failed ('127.0.0.1', 6379), [Errno 99] Cannot assign requested address", "ts": "2026-07-19T08:16:43.872594+00:00"}
{"message": "Retry attempt 1 due to error: Multiple exceptions: [Errno 111] Connect call failed ('127.0.0.1', 6379), [Errno 99] Cannot assign requested address", "severity": "INFO", "module": "retry", "funcName": "call_with_retries", "lineno": 57, "ts": "2026-07-19T08:16:43.874815+00:00"}
{"message": "Retry attempt 2 due to error: Multiple exceptions: [Errno 111] Connect call failed ('127.0.0.1', 6379), [Errno 99] Cannot assign requested address", "severity": "INFO", "module": "retry", "funcName": "call_with_retries", "lineno": 57, "ts": "2026-07-19T08:16:43.885403+00:00"}
{"message": "Retry attempt 3 due to error: Multiple exceptions: [Errno 111] Connect call failed ('127.0.0.1', 6379), [Errno 99] Cannot assign requested address", "severity": "INFO", "module": "retry", "funcName": "call_with_retries", "lineno": 57, "ts": "2026-07-19T08:16:43.896049+00:00"}
{"message": "Rate limit check could not complete, redis issue?", "severity": "ERROR", "module": "rate_limit", "funcName": "hit", "lineno": 68, "exc_info": "Traceback (most recent call last):\n  File \"/home/openhands/.cache/pypoetry/virtualenvs/enterprise-server-HD3KviQY-py3.13/lib/python3.13/site-packages/coredis/connection.py\", line 287, in connect\n    await self._connect()\n  File \"/home/openhands/.cache/pypoetry/virtualenvs/enterprise-server-HD3KviQY-py3.13/lib/python3.13/site-packages/coredis/connection.py\", line 781, in _connect\n    transport, _ = await connection\n                   ^^^^^^^^^^^^^^^^\n  File \"/usr/local/lib/python3.13/asyncio/base_events.py\", line 1179, in create_connection\n    raise OSError('Multiple exceptions: {}'.format(\n        ', '.join(str(exc) for exc in exceptions)))\nOSError: Multiple exceptions: [Errno 111] Connect call failed ('127.0.0.1', 6379), [Errno 99] Cannot assign requested address\n\nThe above exception was the direct cause of the following exception:\n\nTraceback (most recent call last):\n  File \"/workspace/project/OpenHands/enterprise/server/rate_limit.py\", line 66, in hit\n    allowed = await self.strategy.hit(lim, namespace, key)\n              ^^^^^^^^^^^^^^^^^^^^^^^^^^^^^^^^^^^^^^^^^^^^\n  File \"/home/openhands/.cache/pypoetry/virtualenvs/enterprise-server-HD3KviQY-py3.13/lib/python3.13/site-packages/limits/aio/strategies.py\", line 160, in hit\n    await self.storage.incr(\n    ...<3 lines>...\n    )\n  File \"/home/openhands/.cache/pypoetry/virtualenvs/enterprise-server-HD3KviQY-py3.13/lib/python3.13/site-packages/limits/aio/storage/base.py\", line 28, in inner\n    return await fn(*args, **kwargs)\n           ^^^^^^^^^^^^^^^^^^^^^^^^^\n  File \"/home/openhands/.cache/pypoetry/virtualenvs/enterprise-server-HD3KviQY-py3.13/lib/python3.13/site-packages/limits/aio/storage/redis/__init__.py\", line 163, in incr\n    return await self.bridge.incr(key, expiry, amount)\n           ^^^^^^^^^^^^^^^^^^^^^^^^^^^^^^^^^^^^^^^^^^^\n  File \"/home/openhands/.cache/pypoetry/virtualenvs/enterprise-server-HD3KviQY-py3.13/lib/python3.13/site-packages/limits/aio/storage/redis/coredis.py\", line 117, in incr\n    if (value := await self.get_connection().incrby(key, amount)) == amount:\n                 ^^^^^^^^^^^^^^^^^^^^^^^^^^^^^^^^^^^^^^^^^^^^^^^\n  File \"/home/openhands/.cache/pypoetry/virtualenvs/enterprise-server-HD3KviQY-py3.13/lib/python3.13/site-packages/coredis/commands/_wrappers.py\", line 206, in wrapped\n    async with command_cache(callable, *args, **kwargs) as response:\n               ~~~~~~~~~~~~~^^^^^^^^^^^^^^^^^^^^^^^^^^^\n  File \"/usr/local/lib/python3.13/contextlib.py\", line 214, in __aenter__\n    return await anext(self.gen)\n           ^^^^^^^^^^^^^^^^^^^^^\n  File \"/home/openhands/.cache/pypoetry/virtualenvs/enterprise-server-HD3KviQY-py3.13/lib/python3.13/site-packages/coredis/commands/_wrappers.py\", line 103, in __call__\n    yield await func(*args, **kwargs)\n          ^^^^^^^^^^^^^^^^^^^^^^^^^^^\n  File \"/home/openhands/.cache/pypoetry/virtualenvs/enterprise-server-HD3KviQY-py3.13/lib/python3.13/site-packages/coredis/commands/core.py\", line 349, in incrby\n    return await self.execute_command(\n           ^^^^^^^^^^^^^^^^^^^^^^^^^^^\n        CommandName.INCRBY, key, increment, callback=IntCallback()\n        ^^^^^^^^^^^^^^^^^^^^^^^^^^^^^^^^^^^^^^^^^^^^^^^^^^^^^^^^^^\n    )\n    ^\n  File \"/home/openhands/.cache/pypoetry/virtualenvs/enterprise-server-HD3KviQY-py3.13/lib/python3.13/site-packages/coredis/client/basic.py\", line 945, in execute_command\n    return await self.retry_policy.call_with_retries(\n           ^^^^^^^^^^^^^^^^^^^^^^^^^^^^^^^^^^^^^^^^^^\n    ...<2 lines>...\n    )\n    ^\n  File \"/home/openhands/.cache/pypoetry/virtualenvs/enterprise-server-HD3KviQY-py3.13/lib/python3.13/site-packages/coredis/retry.py\", line 71, in call_with_retries\n    raise last_error\n  File \"/home/openhands/.cache/pypoetry/virtualenvs/enterprise-server-HD3KviQY-py3.13/lib/python3.13/site-packages/coredis/retry.py\", line 55, in call_with_retries\n    return await func()\n           ^^^^^^^^^^^^\n  File \"/home/openhands/.cache/pypoetry/virtualenvs/enterprise-server-HD3KviQY-py3.13/lib/python3.13/site-packages/coredis/client/basic.py\", line 974, in _execute_command\n    request = await connection.create_request(\n              ^^^^^^^^^^^^^^^^^^^^^^^^^^^^^^^^\n    ...<5 lines>...\n    )\n    ^\n  File \"/home/openhands/.cache/pypoetry/virtualenvs/enterprise-server-HD3KviQY-py3.13/lib/python3.13/site-packages/coredis/connection.py\", line 610, in create_request\n    await self.connect()\n  File \"/home/openhands/.cache/pypoetry/virtualenvs/enterprise-server-HD3KviQY-py3.13/lib/python3.13/site-packages/coredis/connection.py\", line 293, in connect\n    raise ConnectionError(str(err)) from err\ncoredis.exceptions.ConnectionError: Multiple exceptions: [Errno 111] Connect call failed ('127.0.0.1', 6379), [Errno 99] Cannot assign requested address", "ts": "2026-07-19T08:16:43.896129+00:00"}
{"message": "Starting managed LLM API key refresh", "severity": "INFO", "module": "api_keys", "funcName": "refresh_managed_llm_api_key", "lineno": 453, "user_id": "33333333-3333-3333-3333-333333333333", "org_id": "aaaaaaaa-aaaa-aaaa-aaaa-aaaaaaaaaaa3", "ts": "2026-07-19T08:16:43.898664+00:00"}
{"message": "127.0.0.1:<port> - \"POST /api/keys/llm/managed/refresh HTTP/1.1\" 400", "severity": "INFO", "module": "h11_impl", "funcName": "send", "lineno": 480, "ts": "2026-07-19T08:16:43.930439+00:00"}
{"message": "Shutting down", "severity": "INFO", "module": "server", "funcName": "shutdown", "lineno": 272, "ts": "2026-07-19T08:16:50.716623+00:00"}
{"message": "Waiting for application shutdown.", "severity": "INFO", "module": "on", "funcName": "shutdown", "lineno": 67, "ts": "2026-07-19T08:16:50.817062+00:00"}
{"message": "Pool recreating", "severity": "INFO", "module": "impl", "funcName": "recreate", "lineno": 309, "ts": "2026-07-19T08:16:50.817333+00:00"}
{"message": "Application shutdown complete.", "severity": "INFO", "module": "on", "funcName": "shutdown", "lineno": 76, "ts": "2026-07-19T08:16:50.817598+00:00"}
{"message": "Finished server process [3048]", "severity": "INFO", "module": "server", "funcName": "_serve", "lineno": 102, "color_message": "Finished server process [\u001b[36m%d\u001b[0m]", "ts": "2026-07-19T08:16:50.817655+00:00"}
